{
"DESCRIPTION" : {"BUILDING_TYPE":"형태","ITEM_TEL":"전화번호","GU_NM":"자치구","ITEM_ADDR":"주소","ITEM_NM":"시장명","ITEM_SPACE":"건물형(연면적)","ITEM_CNT":"점포수(빈점포제외)"},
"DATA" : [
{"item_space":"18975","gu_nm":"종로구","item_cnt":482,"item_tel":"02-2272-0967","item_nm":"광장시장","item_addr":"종로구 창경궁로 88 (종로구 예지동 6-1)","building_type":"건물형       "},
{"item_space":"61476","gu_nm":"종로구","item_cnt":3270,"item_tel":"02-2262-0211","item_nm":"동대문종합시장","item_addr":"종로구 종로 266 (종로구 종로6가 289-42)","building_type":"건물형       "},
{"item_space":"13533","gu_nm":"종로구","item_cnt":286,"item_tel":"02-2262-0211","item_nm":"동대문종합시장 신관","item_addr":"종로구 종로272 (종로구 종로6가 289-57)","building_type":"건물형       "},
{"item_space":"12452","gu_nm":"종로구","item_cnt":1048,"item_tel":"02-2279-8751~2","item_nm":"동대문종합시장D동상가","item_addr":"종로구 종로 266 (종로구 종로6가 262-1)","building_type":"건물형       "},
{"item_space":"1691.18","gu_nm":"종로구","item_cnt":141,"item_tel":"02-2234-7151","item_nm":"신설종합시장","item_addr":"종로구 난계로27길 51 (종로구 숭인동 206-9)","building_type":"건물형       "},
{"item_space":"4723","gu_nm":"종로구","item_cnt":69,"item_tel":"02-722-8970","item_nm":"종각지하쇼핑센터","item_addr":"종로구 종로 지하 73 (종로구 종로2가 11-1 일대)","building_type":"지하도상가     "},
{"item_space":"4165","gu_nm":"종로구","item_cnt":65,"item_tel":"","item_nm":"종오지하쇼핑센터","item_addr":"종로구 종로 지하 200 (종로구 종로4가 176-1 일대)","building_type":"지하도상가     "},
{"item_space":"2997","gu_nm":"종로구","item_cnt":102,"item_tel":"02-2275-2076","item_nm":"종로4가지하쇼핑센터","item_addr":"종로구 창경궁로 지하 81 (종로구 예지동 187-2 일대)","building_type":"지하도상가     "},
{"item_space":"1210","gu_nm":"종로구","item_cnt":29,"item_tel":"02-2269-3380","item_nm":"마전교지하쇼핑센터(구한일상가)","item_addr":"종로구 동호로 지하 398 (종로구 종로5가 194-1 일대)","building_type":"지하도상가     "},
{"item_space":"2285","gu_nm":"종로구","item_cnt":48,"item_tel":"02-2290-6545","item_nm":"동대문지하쇼핑센터","item_addr":"종로구 율곡로 지하 308 (종로구 종로6가 287-1 일대)","building_type":"지하도상가     "},
{"item_space":"4421","gu_nm":"종로구","item_cnt":73,"item_tel":"02-722-0911","item_nm":"통인시장","item_addr":"종로구 자하문로15길 16 (종로구 통인동 10-3)","building_type":"골목형       "},
{"item_space":"1336","gu_nm":"종로구","item_cnt":55,"item_tel":"02-2272-6001","item_nm":"종로신진시장","item_addr":"종로구 종로38길16 일대 (종로구 종로5가 225-21 일대)","building_type":"골목형       "},
{"item_space":"4894","gu_nm":"종로구","item_cnt":67,"item_tel":"02-2266-3242","item_nm":"한일상가","item_addr":"종로구 청계천로 229 (종로구 종로5가 314-7)","building_type":"건물형       "},
{"item_space":"49384","gu_nm":"종로구","item_cnt":957,"item_tel":"02-2269-8855","item_nm":"광장전통시장","item_addr":"종로구 창경궁로 88 일대 (종로구 예지동 293-1)","building_type":"골목형       "},
{"item_space":"1000","gu_nm":"종로구","item_cnt":29,"item_tel":"","item_nm":"충신시장","item_addr":"종로구 율곡로22길 일대 (종로구 충신동 35-8 일대)","building_type":"골목형       "},
{"item_space":"5850","gu_nm":"종로구","item_cnt":103,"item_tel":"","item_nm":"세종마을음식문화거리","item_addr":"종로구 자하문로 1길 일대 (종로구 내자동 1-2 일대)","building_type":"골목형       "},
{"item_space":"6000","gu_nm":"종로구","item_cnt":119,"item_tel":"02-745-8878","item_nm":"창신골목시장","item_addr":"종로구 종로51길 18 일대 (종로구 창신동 142-33 일대)","building_type":"골목형       "},
{"item_space":"11547","gu_nm":"종로구","item_cnt":348,"item_tel":"02-2271-2344","item_nm":"세운상가가동","item_addr":"종로구 청계천로 159 (종로구 장사동 116-4)","building_type":"건물형       "},
{"item_space":"6917","gu_nm":"종로구","item_cnt":121,"item_tel":"","item_nm":"동묘시장","item_addr":"종로구 종로 58길40 (종로구 숭인동 241-1 일대)","building_type":"골목형       "},
{"item_space":"8693","gu_nm":"종로구","item_cnt":129,"item_tel":"02-747-1900","item_nm":"동대문문구완구거리","item_addr":"종로구 종로52길 36 일대 (종로구 창신동 390-29 일대)","building_type":"골목형       "},
{"item_space":"9739","gu_nm":"종로구","item_cnt":136,"item_tel":"02-764-4766","item_nm":"동문시장","item_addr":"종로구 종로44길 14 (종로구 창신동 437-1)","building_type":"건물형       "},
{"item_space":"4889","gu_nm":"종로구","item_cnt":227,"item_tel":"02-743-4200","item_nm":"낙원시장","item_addr":"종로구 삼일대로 428 (종로구 낙원동 284-6)","building_type":"건물형       "},
{"item_space":"6593.67","gu_nm":"종로구","item_cnt":64,"item_tel":"","item_nm":"낙원지하시장(대일상가)","item_addr":"종로구 삼일대로 428 (종로구 낙원동 284-6)","building_type":"건물형       "},
{"item_space":"4735","gu_nm":"종로구","item_cnt":168,"item_tel":"","item_nm":"동대문상가A동","item_addr":"종로구 청계천로 295 (종로구 창신동 436-79)","building_type":"건물형       "},
{"item_space":"4735","gu_nm":"종로구","item_cnt":234,"item_tel":"","item_nm":"동대문상가B동","item_addr":"종로구 청계천로 307 (종로구 창신동 436-78)","building_type":"건물형       "},
{"item_space":"4735","gu_nm":"종로구","item_cnt":175,"item_tel":"","item_nm":"동대문상가C동","item_addr":"종로구 청계천로 319 (종로구 창신동 436-65)","building_type":"건물형       "},
{"item_space":"8370","gu_nm":"종로구","item_cnt":101,"item_tel":"","item_nm":"동대문상가D동","item_addr":"종로구 청계천로 331 (종로구 창신동 436-64)","building_type":"건물형       "},
{"item_space":"64612","gu_nm":"중구","item_cnt":4190.25,"item_tel":"02-779-8657","item_nm":"남대문시장","item_addr":"중구 남대문시장 4길 21 (남창동 49번지)","building_type":"건물형       "},
{"item_space":"45479","gu_nm":"중구","item_cnt":503,"item_tel":"02-779-2951","item_nm":"숭례문수입상가","item_addr":"중구 소월로 3 (남창동 51-1)","building_type":"건물형       "},
{"item_space":"20707","gu_nm":"중구","item_cnt":375,"item_tel":"02-2267-5617~9","item_nm":"중부시장","item_addr":"중구 을지로 36길 35 (오장동 139-11)","building_type":"골목형       "},
{"item_space":"23336","gu_nm":"중구","item_cnt":542,"item_tel":"02-2268-6691/070-8844-0728","item_nm":"방산종합시장","item_addr":"중구 동호로 37길 20 (주교동 19-1)","building_type":"건물형       "},
{"item_space":"24522","gu_nm":"중구","item_cnt":209,"item_tel":"02-2232-9559","item_nm":"서울중앙시장","item_addr":"중구 퇴계로 85길 36 (황학동 442번지 일대)","building_type":"골목형       "},
{"item_space":"27704","gu_nm":"중구","item_cnt":1915,"item_tel":"02-2279-2193","item_nm":"평화시장","item_addr":"중구 청계천로 274 (을지로6가 17)","building_type":"건물형       "},
{"item_space":"15146","gu_nm":"중구","item_cnt":637,"item_tel":"02-2269-1969","item_nm":"통일상가","item_addr":"중구 청계천로 260-14 (을지로6가 17)","building_type":"건물형       "},
{"item_space":"18707","gu_nm":"중구","item_cnt":596,"item_tel":"02-2265-9611","item_nm":"동화상가","item_addr":"중구 장충단로 13길 34 (을지로6가 17-145)","building_type":"건물형       "},
{"item_space":"7266","gu_nm":"중구","item_cnt":677,"item_tel":"02-2252-4415","item_nm":"남평화시장","item_addr":"중구 장충단로 282-10 (신당동 772)","building_type":"건물형       "},
{"item_space":"9804","gu_nm":"중구","item_cnt":630,"item_tel":"","item_nm":"제일평화시장","item_addr":"중구 마장로 13 (신당동 775)","building_type":"건물형       "},
{"item_space":"4379","gu_nm":"중구","item_cnt":223,"item_tel":"02-2231-4678","item_nm":"벨포스트 (舊에리어식스)","item_addr":"중구 마장로 19 (신당동 776)","building_type":"건물형       "},
{"item_space":"8601","gu_nm":"중구","item_cnt":1110,"item_tel":"02-2238-9889","item_nm":"광희패션몰","item_addr":"중구 마장로 1길 21 (신당동 777)","building_type":"건물형       "},
{"item_space":"12917","gu_nm":"중구","item_cnt":1151,"item_tel":"02-2252-8036","item_nm":"청평화시장","item_addr":"중구 청계천로 334 (신당동 217-91)","building_type":"건물형       "},
{"item_space":"29620","gu_nm":"중구","item_cnt":812,"item_tel":"02-774-1531","item_nm":"삼익패션타운","item_addr":"중구 남대문시장 8길 7 (남창동 5)","building_type":"건물형       "},
{"item_space":"7523","gu_nm":"중구","item_cnt":251,"item_tel":"02-2273-0006","item_nm":"신중부시장","item_addr":"중구 동호로33길 24 (오장동)","building_type":"골목형       "},
{"item_space":"8646","gu_nm":"중구","item_cnt":173,"item_tel":"02-753-0787","item_nm":"자유상가","item_addr":"중구 남대문로 36 (회현동 202-1)","building_type":"건물형       "},
{"item_space":"13494","gu_nm":"중구","item_cnt":938,"item_tel":"02-2253-0714","item_nm":"신평화패션타운","item_addr":"중구 청계천로 298 (신당동 217-1)","building_type":"건물형       "},
{"item_space":"24768","gu_nm":"중구","item_cnt":1214,"item_tel":"02-763-3597","item_nm":"동평화시장","item_addr":"청계천로 318 (신당동 217-92, 95~97)","building_type":"건물형       "},
{"item_space":"6702","gu_nm":"중구","item_cnt":64,"item_tel":"02-2274-6006","item_nm":"인현시장","item_addr":"중구 퇴계로 41길 45 (인현동 2가 192-3)","building_type":"상점가       "},
{"item_space":"66691","gu_nm":"중구","item_cnt":1050,"item_tel":"02-2266-8765","item_nm":"방산시장","item_addr":"중구 을지로 33길 18-1 (주교동 250-1)","building_type":"상점가       "},
{"item_space":"3517","gu_nm":"중구","item_cnt":139,"item_tel":"02-775-2234","item_nm":"소공지하도상가","item_addr":"중구 소공로지하 102 (소공동 87)","building_type":"지하도상가     "},
{"item_space":"20334","gu_nm":"중구","item_cnt":208,"item_tel":"02-2274-4659","item_nm":"을지로지하보도쇼핑센터","item_addr":"중구 을지로 88/131/218 (을지로2가 161)","building_type":"지하도상가     "},
{"item_space":"2498","gu_nm":"중구","item_cnt":221,"item_tel":"02-3789-5512","item_nm":"회현지하쇼핑센터","item_addr":"중구 소공로지하 58 (충무로1가 52-41)","building_type":"지하도상가     "},
{"item_space":"2087","gu_nm":"중구","item_cnt":51,"item_tel":"02-773-3004","item_nm":"시청광장 지하쇼핑센터","item_addr":"중구 을지로지하 12 (을지로2가 12)","building_type":"지하도상가     "},
{"item_space":"2215","gu_nm":"중구","item_cnt":69,"item_tel":"02-318-1473","item_nm":"명동역지하도상가","item_addr":"중구 퇴계로 지하 124 (충무로2가 65-12)","building_type":"지하도상가     "},
{"item_space":"1225","gu_nm":"중구","item_cnt":64,"item_tel":"02-752-7522","item_nm":"을지입구지하상가","item_addr":"중구 을지로지하 58 (을지로2가 197지하)","building_type":"지하도상가     "},
{"item_space":"1094","gu_nm":"중구","item_cnt":45,"item_tel":"02-2275-4812","item_nm":"청계6가 지하도상가","item_addr":"중구 장충단로 지하 280 (을지로6가 18-11)","building_type":"지하도상가     "},
{"item_space":"2163","gu_nm":"중구","item_cnt":79,"item_tel":"02-773-0999","item_nm":"남대문로 지하상가","item_addr":"중구 남대문로 14 (중구 남대문로3가 13-3 )","building_type":"지하도상가     "},
{"item_space":"3838","gu_nm":"중구","item_cnt":58,"item_tel":"02-776-3681","item_nm":"명동지하쇼핑센터","item_addr":"중구 남대문로지하 72 (남대문로2가 123)","building_type":"지하도상가     "},
{"item_space":"4405.3","gu_nm":"중구","item_cnt":312,"item_tel":"02-2232-4821~2","item_nm":"테크노상가","item_addr":"중구 마장로 1가길17 (신당동 213-51,53)","building_type":"건물형       "},
{"item_space":"1933","gu_nm":"중구","item_cnt":44,"item_tel":"070-7760-1207","item_nm":"청계5가쇼핑센터","item_addr":"중구 동호로 390-3 (방산동 4-11)","building_type":"지하도상가     "},
{"item_space":"9329","gu_nm":"중구","item_cnt":175,"item_tel":"02-2275-4071","item_nm":"청계천공구상가","item_addr":"중구 청계천로 124 (입정동 258 동명빌딩 5층)","building_type":"상점가       "},
{"item_space":"10956","gu_nm":"중구","item_cnt":361,"item_tel":"02-2277-6163","item_nm":"대림상가","item_addr":"중구 을지로 157 (을지로4가 9-6)","building_type":"건물형       "},
{"item_space":"5129","gu_nm":"중구","item_cnt":80,"item_tel":"02-2235-9005","item_nm":"백학시장","item_addr":"중구 퇴계로 86길 22일대 (신당동 132-32일대)","building_type":"상점가       "},
{"item_space":"9136.54","gu_nm":"중구","item_cnt":107,"item_tel":"02-2232-9559","item_nm":"신중앙시장","item_addr":"중구 퇴계로85길 36 (황학동 442번지 일대)","building_type":"골목형       "},
{"item_space":"15225.38","gu_nm":"중구","item_cnt":107,"item_tel":"02-2235-3040","item_nm":"황학시장","item_addr":"중구 퇴계로87길 일대 (황학동)","building_type":"골목형       "},
{"item_space":"5880.12","gu_nm":"중구","item_cnt":122,"item_tel":"02-2232-1604","item_nm":"team204 (팀204)","item_addr":"중구 마장로 30 (중구 신당동 204-48)","building_type":"건물형       "},
{"item_space":"5817(1,370)","gu_nm":"중구","item_cnt":180,"item_tel":"02-2279-6513","item_nm":"청계상가","item_addr":"중구 청계천로 160 (중구 산림동 207-1)","building_type":"건물형       "},
{"item_space":"27603","gu_nm":"중구","item_cnt":139,"item_tel":"02-2236-4002","item_nm":"황학동주방가구거리 상점가","item_addr":"중구 마장로 64~난계로 189 일대 (중구 흥인동 2-18~황학동 1100-1 일대)","building_type":"상점가       "},
{"item_space":"6828","gu_nm":"중구","item_cnt":328,"item_tel":"02-2236-1768","item_nm":"아트프라자","item_addr":"중구 신당동 213-67","building_type":"건물형       "},
{"item_space":"27603","gu_nm":"중구","item_cnt":134,"item_tel":"02-2253-1466","item_nm":"신당 미래유산 먹거리 골목형상점가","item_addr":"다산로 221 일대","building_type":"골목형       "},
{"item_space":"12512.67","gu_nm":"중구","item_cnt":70,"item_tel":"02-2135-1766","item_nm":"동화동 골목형상점가","item_addr":"다산로 42나길 46일대","building_type":"골목형       "},
{"item_space":"5062.83","gu_nm":"중구","item_cnt":24,"item_tel":"02-6407-4297","item_nm":"필동 골목형상점가","item_addr":"중구 필동로 19 일대","building_type":"골목형       "},
{"item_space":"12704.82","gu_nm":"중구","item_cnt":57,"item_tel":"","item_nm":"충무로 골목형상점가","item_addr":" 중구 충무로2길 27-1 외 68필지","building_type":"골목형       "},
{"item_space":"43936","gu_nm":"중구","item_cnt":142,"item_tel":"02-2233-0755","item_nm":"약수시장 골목형상점가","item_addr":"중구 동호로7길 ~ 다산로10로길 일대","building_type":"골목형       "},
{"item_space":"6576","gu_nm":"중구","item_cnt":100,"item_tel":"","item_nm":"다산마을상가거리 골목형상점가","item_addr":"중구 동호로11길 19~동호로11나길 6 일대 (중구 신당동 361-42~신당동 354-11 일대)","building_type":"골목형       "},
{"item_space":"16974.2","gu_nm":"중구","item_cnt":146,"item_tel":"02-2261-5579","item_nm":"장충남소영길 골목형상점가","item_addr":"중구 동호로24길 27-3~장충단로7길 32 일대","building_type":"골목형       "},
{"item_space":"5076.8","gu_nm":"중구","item_cnt":40,"item_tel":"02-313-5560","item_nm":"충정로56출구 골목형상점가","item_addr":" 중구 서소문로12 일대","building_type":"골목형       "},
{"item_space":"5566.1","gu_nm":"중구","item_cnt":47,"item_tel":"","item_nm":"명동남산골 골목형상점가","item_addr":" 중구 퇴계로20길 18일대 (중구 남산동2가 10-1~남산동2가 29-6 일대)","building_type":"골목형       "},
{"item_space":"6890","gu_nm":"중구","item_cnt":99,"item_tel":"","item_nm":"신당오길 골목형상점가","item_addr":"중구 퇴계로 88길21 일대","building_type":"골목형       "},
{"item_space":"4484","gu_nm":"용산구","item_cnt":69,"item_tel":"02-794-5682","item_nm":"이태원시장","item_addr":"용산구 이태원로14길 6 (이태원동 56-9)","building_type":"건물형       "},
{"item_space":"3352","gu_nm":"용산구","item_cnt":10,"item_tel":"02-749-6464","item_nm":"보광시장","item_addr":"용산구 보광로 30 (보광동 260-8)","building_type":"건물형       "},
{"item_space":"7682","gu_nm":"용산구","item_cnt":33,"item_tel":"02-714-0151","item_nm":"만리시장","item_addr":"용산구 효창원로 270 (서계동 260-1)","building_type":"건물형       "},
{"item_space":"1141","gu_nm":"용산구","item_cnt":42,"item_tel":"02-754-5114","item_nm":"후암시장","item_addr":"용산구 한강대로104길 77 (후암동 103)","building_type":"골목형       "},
{"item_space":"6470","gu_nm":"용산구","item_cnt":156,"item_tel":"02-3275-0883","item_nm":"용산용문시장","item_addr":"용산구 효창원로 40길 13 (용문동 41-44)","building_type":"골목형       "},
{"item_space":"1600","gu_nm":"용산구","item_cnt":61,"item_tel":"02-754-7389","item_nm":"신흥시장","item_addr":"용산구 신흥로 95-9 (용산동2가 1-480)","building_type":"골목형       "},
{"item_space":"5122","gu_nm":"용산구","item_cnt":107,"item_tel":"02-796-6162","item_nm":"이촌종합시장","item_addr":"용산구 이촌로75길 16-9 (이촌동 301-154)","building_type":"골목형       "},
{"item_space":"5286","gu_nm":"용산구","item_cnt":97,"item_tel":"02-798-0401","item_nm":"한강쇼핑센터","item_addr":"용산구 이촌로 224 (이촌동 300-27)","building_type":"상점가       "},
{"item_space":"3356.4","gu_nm":"성동구","item_cnt":102,"item_tel":"02-2252-5302","item_nm":"금남시장","item_addr":"성동구 금호산2길 32, 2층 (금호동3가 308)","building_type":"골목형       "},
{"item_space":"5141","gu_nm":"성동구","item_cnt":129,"item_tel":"02-464-4426","item_nm":"뚝도시장","item_addr":"성동구 성수이로 32-15 (성수동2가 335-16)","building_type":"골목형       "},
{"item_space":"26313","gu_nm":"성동구","item_cnt":790,"item_tel":"02-2281-4446","item_nm":"마장축산물시장","item_addr":"마장로35길 68, 4층 (마장동 439-1)","building_type":"골목형       "},
{"item_space":"4962","gu_nm":"성동구","item_cnt":85,"item_tel":"02-2298-8522","item_nm":"행당시장상점가","item_addr":"성동구 무학봉16길 20 (행당동 298-11)","building_type":"상점가       "},
{"item_space":"29118","gu_nm":"성동구","item_cnt":162,"item_tel":"02-2214-4326","item_nm":"성동용답상가시장","item_addr":"성동구 용답중앙길 59 (용답동 57-17)","building_type":"골목형       "},
{"item_space":"9860","gu_nm":"성동구","item_cnt":175,"item_tel":"02-2295-0088","item_nm":"왕십리도선동상점가","item_addr":"성동구 무학로2길 32, 3~4층 (도선동 276)","building_type":"상점가       "},
{"item_space":"5445","gu_nm":"성동구","item_cnt":72,"item_tel":"02-2281-0625","item_nm":"한양대앞상점가","item_addr":"성동구 마조로1길 28 (행당동 19-34)","building_type":"상점가       "},
{"item_space":"3576","gu_nm":"성동구","item_cnt":82,"item_tel":"02-466-1154","item_nm":"뚝섬역상점가","item_addr":"성동구 아차산로 2-1 뚝섬역 3번출구 옆) (성수동1가 656-121)","building_type":"상점가       "},
{"item_space":"4241","gu_nm":"성동구","item_cnt":96,"item_tel":"02-6498-2444","item_nm":"왕십리무학봉상점가","item_addr":"성동구 무학봉16길 6, 102호 (하왕십리동 976-15)","building_type":"상점가       "},
{"item_space":"4366.1","gu_nm":"성동구","item_cnt":112,"item_tel":"02-2234-6323","item_nm":"신금호역 골목형상점가","item_addr":"성동구 금호로149, 지층 (금호동2가 450-1)","building_type":"상점가       "},
{"item_space":"7596.4","gu_nm":"성동구","item_cnt":160,"item_tel":"","item_nm":"성수역 골목형상점가","item_addr":"성동구 성수일로10길 26, B309-1호 (성수동2가 284-62)","building_type":"상점가       "},
{"item_space":"6658","gu_nm":"광진구","item_cnt":35,"item_tel":"02-463-5611","item_nm":"조양시장","item_addr":"광진구 아차산로30길 39(자양동 6-20)","building_type":"건물형       "},
{"item_space":"1503","gu_nm":"광진구","item_cnt":19,"item_tel":"02-463-7521","item_nm":"노룬산시장","item_addr":"광진구 뚝섬로 491 (자양동 44-2)","building_type":"건물형       "},
{"item_space":"1204","gu_nm":"광진구","item_cnt":21,"item_tel":"02-444-1707","item_nm":"신성시장","item_addr":"광진구 영화사로 12 (중곡동 79-8)","building_type":"건물형       "},
{"item_space":"2207","gu_nm":"광진구","item_cnt":13,"item_tel":"02-467-0254","item_nm":"중곡제일시장","item_addr":"광진구 긴고랑로11길 11 (중곡동 229-5)","building_type":"건물형       "},
{"item_space":"2135","gu_nm":"광진구","item_cnt":20,"item_tel":"02-467-5200","item_nm":"광성시장","item_addr":"광진구 능동로 47길 30 (중곡동 229-15)","building_type":"건물형       "},
{"item_space":"4716","gu_nm":"광진구","item_cnt":7,"item_tel":"02-457-7480","item_nm":"자양종합시장","item_addr":"광진구 자양번영로6길 20 (자양동 602)","building_type":"건물형       "},
{"item_space":"12216","gu_nm":"광진구","item_cnt":29,"item_tel":"02-465-4035","item_nm":"한아름시장","item_addr":"광진구 능동로13길 39 (화양동 10-1)","building_type":"건물형       "},
{"item_space":"14684","gu_nm":"광진구","item_cnt":135,"item_tel":"02-466-5003","item_nm":"중곡제일골목시장","item_addr":"광진구 긴고랑로11길 14 (중곡동 221-6)","building_type":"골목형       "},
{"item_space":"16400","gu_nm":"광진구","item_cnt":130,"item_tel":"02-458-1624","item_nm":"자양골목전통시장","item_addr":"광진구 자양로13길 59 (자양동 631-18)","building_type":"골목형       "},
{"item_space":"6719","gu_nm":"광진구","item_cnt":33,"item_tel":"02-465-2103","item_nm":"노룬산골목시장","item_addr":"광진구 뚝섬로25길 6 (자양동 553-60)","building_type":"골목형       "},
{"item_space":"12744","gu_nm":"광진구","item_cnt":60,"item_tel":"02-463-9686","item_nm":"영동교골목시장","item_addr":"광진구 동일로10길 47 (자양동 246-111)","building_type":"골목형       "},
{"item_space":"11281","gu_nm":"광진구","item_cnt":74,"item_tel":"02-466-3988","item_nm":"화양제일골목시장","item_addr":"광진구 아차산로29길 59 (화양동 34-72)","building_type":"골목형       "},
{"item_space":"2145","gu_nm":"광진구","item_cnt":40,"item_tel":"02-495-9070","item_nm":"면곡골목시장","item_addr":"광진구 답십리로 368(중곡동 580-1)","building_type":"골목형       "},
{"item_space":"8470","gu_nm":"광진구","item_cnt":70,"item_tel":"02-499-2422","item_nm":"능동로골목시장","item_addr":"광진구 뚝섬로30길 23 (자양동 553-219)","building_type":"골목형       "},
{"item_space":null,"gu_nm":"광진구","item_cnt":30,"item_tel":"02-446-7831","item_nm":"신성골목시장","item_addr":"광진구  용마산로6길 9 (중곡동 79-10)","building_type":"골목형       "},
{"item_space":"1250.85","gu_nm":"동대문","item_cnt":12,"item_tel":"02-926-3471","item_nm":"용두시장","item_addr":" 동대문구 무학로 37길 12 (용두동 231-5)","building_type":"건물형       "},
{"item_space":"15973","gu_nm":"동대문","item_cnt":396,"item_tel":"02-969-7218","item_nm":"경동시장(7개 번영회)","item_addr":"동대문구 고산자로36길 3 (제기동 1036)","building_type":"건물형       "},
{"item_space":"1813.11","gu_nm":"동대문","item_cnt":59,"item_tel":"02-967-8169","item_nm":"동서시장","item_addr":"동대문구 왕산로33길 13 (제기동 650)","building_type":"건물형       "},
{"item_space":"4243.92","gu_nm":"동대문","item_cnt":83,"item_tel":"02-2217-1231","item_nm":"전농로터리시장","item_addr":"동대문구 전농로 15길 7 (전농동 295-52)","building_type":"건물형       "},
{"item_space":"1655.9","gu_nm":"동대문","item_cnt":32,"item_tel":"02-2244-4451","item_nm":"동부시장","item_addr":" 동대문구 천호대로 281 (답십리동 495-1)","building_type":"건물형       "},
{"item_space":"809","gu_nm":"동대문","item_cnt":14,"item_tel":"02-2245-3026","item_nm":"전곡시장","item_addr":"동대문구 한천로 190 (장안동 108-5)","building_type":"건물형       "},
{"item_space":"2178","gu_nm":"동대문","item_cnt":78,"item_tel":"02-966-6966","item_nm":"이경시장","item_addr":"동대문구 휘경로 53 (휘경동 151-3)","building_type":"건물형       "},
{"item_space":"1773.99","gu_nm":"동대문","item_cnt":23,"item_tel":"02-962-5992","item_nm":"이문제일시장","item_addr":"동대문구 이문로 200 (이문동 250-1)","building_type":"건물형       "},
{"item_space":"11686.2","gu_nm":"동대문","item_cnt":101,"item_tel":"070-7722-1650","item_nm":"청량리청과물시장","item_addr":"동대문구 왕산로33길 6 (제기동 635-35)","building_type":"골목형       "},
{"item_space":"8368","gu_nm":"동대문","item_cnt":185,"item_tel":"02-962-7100","item_nm":"청량리종합시장","item_addr":"동대문구 홍릉로 1길 68-3(제기동 647-11)","building_type":"골목형       "},
{"item_space":"119630","gu_nm":"동대문","item_cnt":1004,"item_tel":"02-969-4793","item_nm":"서울약령시장","item_addr":"동대문구 약령중앙로26 서울한방진흥센터(제기동 1082)","building_type":"골목형       "},
{"item_space":"9315","gu_nm":"동대문","item_cnt":101,"item_tel":"02-965-1601","item_nm":"경동광성상가","item_addr":"동대문구 고산자로 464 (제기동 913)","building_type":"골목형       "},
{"item_space":"2243.1","gu_nm":"동대문","item_cnt":67,"item_tel":"02-3295-4555","item_nm":"청량리전통시장","item_addr":"동대문구 경동시장로 2길 49-3 (청량리동 773)","building_type":"골목형       "},
{"item_space":"2821.4","gu_nm":"동대문","item_cnt":70,"item_tel":"070-7788-4435","item_nm":"답십리현대시장","item_addr":"동대문구 전농로4길 38 (답십리2동 14-8)","building_type":"골목형       "},
{"item_space":"4419","gu_nm":"동대문","item_cnt":52,"item_tel":"02-2216-9888","item_nm":"답십리시장","item_addr":"동대문구 답십리로 51길 4-1 (답십리동 66-17)","building_type":"골목형       "},
{"item_space":"4989.62","gu_nm":"동대문","item_cnt":64,"item_tel":"02-964-2450","item_nm":"회기시장","item_addr":"동대문구 회기로25길 11 (회기동 57-22)","building_type":"골목형       "},
{"item_space":"3260","gu_nm":"동대문","item_cnt":44,"item_tel":"02-962-5670","item_nm":"청량종합도매시장","item_addr":"동대문구 약령시로 92-2 (제기동 838-24)","building_type":"골목형       "},
{"item_space":"7759.7","gu_nm":"동대문","item_cnt":110,"item_tel":"02-967-4210","item_nm":"청량리수산시장","item_addr":"동대문구 고산자로 34길 48-1 (용신동 20-47)","building_type":"골목형       "},
{"item_space":"4533.19","gu_nm":"동대문","item_cnt":118,"item_tel":"02-963-3214","item_nm":"청량리농수산물시장","item_addr":"동대문구 경동시장로 22 (제기동 629-2)","building_type":"골목형       "},
{"item_space":"9680.8","gu_nm":"동대문","item_cnt":79,"item_tel":"02-3394-8820","item_nm":"답십리 건축자재시장","item_addr":"동대문구 고미술로 49 의증빌딩 304호( 답십리1동 530-11)","building_type":"골목형       "},
{"item_space":null,"gu_nm":"동대문","item_cnt":70,"item_tel":"","item_nm":"이경재래시장","item_addr":"동대문구 외대역동로12길 13","building_type":"골목형       "},
{"item_space":"1766.29","gu_nm":"중랑구","item_cnt":14,"item_tel":"02-439-0026","item_nm":"동원시장","item_addr":"중랑구 면목로74길45 (면목동 101-1)","building_type":"건물형       "},
{"item_space":"3977.9","gu_nm":"중랑구","item_cnt":22,"item_tel":"","item_nm":"면목시장(카멜리아쇼핑센타)","item_addr":"서울시 중랑구 면목로39길 11","building_type":"건물형       "},
{"item_space":"3472.37","gu_nm":"중랑구","item_cnt":44,"item_tel":"","item_nm":"중랑교종합상가","item_addr":"중랑구 망우로32길 23(상봉동 129-9)","building_type":"건물형       "},
{"item_space":"7776","gu_nm":"중랑구","item_cnt":42,"item_tel":"02-432-8637","item_nm":"태능엔터피아","item_addr":"서울시 중랑구 동일로129길35","building_type":"건물형       "},
{"item_space":"7153.67","gu_nm":"중랑구","item_cnt":6,"item_tel":"02-491-5433","item_nm":"유영시장","item_addr":"중랑구 봉우재로70길96 (망우동 530-3)","building_type":"건물형       "},
{"item_space":"21609.81","gu_nm":"중랑구","item_cnt":71,"item_tel":"02-3423-2975","item_nm":"동성타워프라자","item_addr":"서울시 중랑구 봉화산로221","building_type":"건물형       "},
{"item_space":"31128.63","gu_nm":"중랑구","item_cnt":235,"item_tel":"02-3422-4501","item_nm":"신아타운","item_addr":"중랑구 봉화산로 194","building_type":"건물형       "},
{"item_space":null,"gu_nm":"중랑구","item_cnt":125,"item_tel":"02-436-3598","item_nm":"우림골목시장","item_addr":"중랑구 망우로62길 52-4","building_type":"골목형       "},
{"item_space":"3778","gu_nm":"관악구","item_cnt":100,"item_tel":"02-855-1994","item_nm":"관악신사시장","item_addr":"관악구 난곡로74길 58 (신사동 494-7)","building_type":"골목형       "},
{"item_space":"13563.61","gu_nm":"중랑구","item_cnt":91,"item_tel":"02-496-5665","item_nm":"면목시장(골목형)","item_addr":"서울시 중랑구 사가정로 50길84 (중랑구 면목7동 666-15)","building_type":"골목형       "},
{"item_space":null,"gu_nm":"중랑구","item_cnt":112,"item_tel":"02-437-8155","item_nm":"중랑동부시장","item_addr":"중랑구 동일로 109길 31-5(면목2동 183-118)","building_type":"골목형       "},
{"item_space":"18159.53","gu_nm":"중랑구","item_cnt":121,"item_tel":"02-2209-0220","item_nm":"동원전통종합시장","item_addr":"서울 중랑구 상봉로11길 27-3","building_type":"골목형       "},
{"item_space":null,"gu_nm":"중랑구","item_cnt":124,"item_tel":"02-433-8502","item_nm":"사가정시장","item_addr":"서울특별시 중랑구 면목로44길 16 (서울특별시 중랑구 면목38동 472-45)","building_type":"골목형       "},
{"item_space":null,"gu_nm":"중랑구","item_cnt":96,"item_tel":"02-435-0357","item_nm":"동원전통시장상점가","item_addr":"서울 중랑구 면목로 78길 67 101호","building_type":"상점가       "},
{"item_space":"5966.12","gu_nm":"중랑구","item_cnt":56,"item_tel":"02-6348-0098","item_nm":"장미제일시장","item_addr":"서울시 중랑구 동일로143일 43(중화동309-1)","building_type":"골목형       "},
{"item_space":null,"gu_nm":"중랑구","item_cnt":34,"item_tel":"","item_nm":"묵1동도깨비시장","item_addr":"중랑구 공릉로12가길 18 (묵동 일대)","building_type":"골목형       "},
{"item_space":"4528","gu_nm":"중랑구","item_cnt":87,"item_tel":"","item_nm":"태능골목형상점가","item_addr":"중랑구 중랑역로 일대","building_type":"골목형       "},
{"item_space":"5546","gu_nm":"중랑구","item_cnt":101,"item_tel":"","item_nm":"상봉먹자골목형상점가","item_addr":"중랑구 봉우재로33길 일대","building_type":"골목형       "},
{"item_space":"11425","gu_nm":"성북구","item_cnt":81,"item_tel":"02-909-0926","item_nm":"길음시장","item_addr":"성북구 동소문로 227 (길음동 535-8, 540-2)","building_type":"건물형       "},
{"item_space":"13867","gu_nm":"성북구","item_cnt":102,"item_tel":"","item_nm":"돈암시장","item_addr":"성북구 동소문로18길 18 (동소문동5가 59-2 일대)","building_type":"골목형       "},
{"item_space":"7150","gu_nm":"성북구","item_cnt":74,"item_tel":"070-8952-5598","item_nm":"돌곶이시장","item_addr":"성북구 한천로73길 26 (석관동 279-39 일대)","building_type":"골목형       "},
{"item_space":"9599","gu_nm":"성북구","item_cnt":61,"item_tel":"070-7799-9129","item_nm":"장위전통시장","item_addr":"성북구 장위로38길 46-1(장위동) (장위동 68-88 일대)","building_type":"골목형       "},
{"item_space":"9954","gu_nm":"성북구","item_cnt":114,"item_tel":"070-4126-0098","item_nm":"정릉시장","item_addr":"성북구 보국문로11길 18-19  (정릉동) (정릉동 400-15호 일대)","building_type":"골목형       "},
{"item_space":"4284","gu_nm":"성북구","item_cnt":54,"item_tel":"070-4215-2931","item_nm":"정릉아리랑시장","item_addr":"성북구 정릉로 26가길36일대 (정릉동 443-1)","building_type":"골목형       "},
{"item_space":"4111","gu_nm":"성북구","item_cnt":12,"item_tel":"02-967-5571","item_nm":"석관시장","item_addr":"성북구 돌곶이로22가길 27 (석관1동 270-1)","building_type":"건물형       "},
{"item_space":null,"gu_nm":"성북구","item_cnt":13,"item_tel":"","item_nm":"밤나무골시장","item_addr":"성북구 오패산로 79 (하월곡동 76-8 일대)","building_type":"골목형       "},
{"item_space":"4953","gu_nm":"성북구","item_cnt":75,"item_tel":"","item_nm":"정릉골 골목형상점가","item_addr":"성북구 보국문로 16길 일대","building_type":"골목형       "},
{"item_space":"2616","gu_nm":"성북구","item_cnt":66,"item_tel":"","item_nm":"꿈의숲장곡 골목형상점가","item_addr":"성북구 돌곶이로 39길 일대","building_type":"골목형       "},
{"item_space":"5687.35","gu_nm":"성북구","item_cnt":94,"item_tel":"","item_nm":"성북천 골목형상점가","item_addr":"성북구 동소문로2길 일대","building_type":"골목형       "},
{"item_space":"3061","gu_nm":"성북구","item_cnt":64,"item_tel":"","item_nm":"배밭골 골목형상점가","item_addr":"성북구 정릉로10길 일대","building_type":"골목형       "},
{"item_space":"8763","gu_nm":"성북구","item_cnt":157,"item_tel":"","item_nm":"종암북바위길 골목형상점가","item_addr":"성북구 종암로21길 일대","building_type":"골목형       "},
{"item_space":"7,219.25","gu_nm":"강북구","item_cnt":59,"item_tel":"02-989-4730","item_nm":"수유시장","item_addr":"강북구 도봉로67길 18 (수유동 54-5)","building_type":"건물형       "},
{"item_space":"11,203.7","gu_nm":"강북구","item_cnt":46,"item_tel":"","item_nm":"숭인시장","item_addr":"강북구 도봉로 45 (미아동 60-4,5,10,11)","building_type":"건물형       "},
{"item_space":"2,903.78","gu_nm":"강북구","item_cnt":37,"item_tel":"02-902-1683","item_nm":"강북북부시장","item_addr":"강북구 한천로123길 26 (번동 413-3)","building_type":"건물형       "},
{"item_space":"4,439.75","gu_nm":"강북구","item_cnt":24,"item_tel":"02-902-1353","item_nm":"수유중앙시장","item_addr":"강북구 노해로17길 21 (수유동 32-2)","building_type":"건물형       "},
{"item_space":"2122","gu_nm":"강북구","item_cnt":7,"item_tel":"02-993-0240","item_nm":"우이시장","item_addr":"강북구 노해로23길 68 (수유동 270-168)","building_type":"건물형       "},
{"item_space":"2,769.39","gu_nm":"강북구","item_cnt":21,"item_tel":"02-903-5546","item_nm":"수유북부시장","item_addr":"강북구 삼양로91가길 19, 삼양로91길 11-12 (수유동 수유동405-5)","building_type":"건물형       "},
{"item_space":"7,077.61","gu_nm":"강북구","item_cnt":29,"item_tel":"02-989-0403/02-980-0739","item_nm":"동북프라자","item_addr":"강북구 솔샘로 233 (미아동 701-3)","building_type":"건물형       "},
{"item_space":"20,953.72","gu_nm":"강북구","item_cnt":52,"item_tel":"02-982-2278","item_nm":"수유프라자","item_addr":"강북구 도봉로 261 (수유동 63)","building_type":"건물형       "},
{"item_space":null,"gu_nm":"강북구","item_cnt":81,"item_tel":"02-989-4730","item_nm":"수유전통시장(구)수유골목시장","item_addr":"강북구 도봉로69길 (수유동 53,54)일대","building_type":"골목형       "},
{"item_space":null,"gu_nm":"강북구","item_cnt":114,"item_tel":"02-987-6382","item_nm":"수유재래시장","item_addr":"강북구 도봉로71길 (수유동 53,54)일대","building_type":"골목형       "},
{"item_space":null,"gu_nm":"강북구","item_cnt":74,"item_tel":"02-6081-7282","item_nm":"백년시장(구)강북종합전통시장","item_addr":"강북구 한천로144길 26 (수유동 175-61)일대","building_type":"골목형       "},
{"item_space":null,"gu_nm":"강북구","item_cnt":100,"item_tel":"02-900-1256","item_nm":"장미원골목시장","item_addr":"강북구 삼양로123길 9,11,13 (수유동 313-1,2,8)일대","building_type":"골목형       "},
{"item_space":null,"gu_nm":"강북구","item_cnt":70,"item_tel":"","item_nm":"우이골목시장","item_addr":"강북구 한천로162길 (수유동 수유동 270-120)일대","building_type":"골목형       "},
{"item_space":null,"gu_nm":"강북구","item_cnt":70,"item_tel":"","item_nm":"수유중앙골목시장","item_addr":"강북구 노해로17길 16,24 (수유동38-18,32)일대","building_type":"골목형       "},
{"item_space":null,"gu_nm":"강북구","item_cnt":17,"item_tel":"","item_nm":"강북북부골목시장(구)번동북부골목시장","item_addr":"강북구 한천로123길 27,31 (번동 411-18,93)일대","building_type":"골목형       "},
{"item_space":null,"gu_nm":"강북구","item_cnt":53,"item_tel":"","item_nm":"방천골목시장","item_addr":"강북구 월계로7나길 9 (미아동1345, 698-3)일대","building_type":"골목형       "},
{"item_space":null,"gu_nm":"강북구","item_cnt":30,"item_tel":"","item_nm":"솔샘시장(미아6,7동골목시장)","item_addr":"강북구 솔샘로50길 4 (미아동 1345)일대","building_type":"골목형       "},
{"item_space":null,"gu_nm":"강북구","item_cnt":50,"item_tel":"","item_nm":"삼양골목시장","item_addr":"강북구 솔매로 45(미아동 833-8) 일대","building_type":"골목형       "},
{"item_space":null,"gu_nm":"강북구","item_cnt":70,"item_tel":"","item_nm":"수유북부골목시장","item_addr":"삼양로87길 42(인수동)일대","building_type":"골목형       "},
{"item_space":"15243","gu_nm":"도봉구","item_cnt":88,"item_tel":"02-954-1225","item_nm":"방학동도깨비시장","item_addr":"도봉구 도당로85-7 방학동도깨비시장고객지원센터2층","building_type":"골목형       "},
{"item_space":"11219","gu_nm":"도봉구","item_cnt":76,"item_tel":"02-990-0040","item_nm":"창동신창시장","item_addr":"도봉구 덕릉로59마길 18-7 (창동 582-47)","building_type":"골목형       "},
{"item_space":"7325","gu_nm":"도봉구","item_cnt":58,"item_tel":"02-900-4900","item_nm":"창동골목시장","item_addr":"도봉구 덕릉로 54가길 17 (창동 557-19)","building_type":"골목형       "},
{"item_space":"8774","gu_nm":"도봉구","item_cnt":142,"item_tel":"","item_nm":"신도봉시장","item_addr":"도봉구 도당로27길 60 (도봉동 611)","building_type":"골목형       "},
{"item_space":"4886","gu_nm":"도봉구","item_cnt":103,"item_tel":"","item_nm":"쌍문시장(쌍문역 골목시장)","item_addr":"도봉구 도봉로113길 23 (쌍문동 94-35)","building_type":"골목형       "},
{"item_space":"10267","gu_nm":"도봉구","item_cnt":61,"item_tel":"02-991-0678","item_nm":"백운시장","item_addr":"도봉구 삼양로154길 40 (쌍문동495-23)","building_type":"골목형       "},
{"item_space":"18459","gu_nm":"도봉구","item_cnt":112,"item_tel":"02-998-6635","item_nm":"쌍문역둘러상점가","item_addr":"도봉구 도봉로113길15 1층컴미르 (도봉구쌍문3동98-9)","building_type":"상점가       "},
{"item_space":"12856","gu_nm":"도봉구","item_cnt":52,"item_tel":"","item_nm":"오!도봉거리 상점가","item_addr":"도봉구 도봉로 156길 6 (도봉동 623)","building_type":"상점가       "},
{"item_space":"23435.56","gu_nm":"도봉구","item_cnt":117,"item_tel":"02-903-9995","item_nm":"쌍리단길상점가","item_addr":"서울 도봉구 도봉로114길 22,112길 19, 110나길 21, 110나길 27 (창동)","building_type":"상점가       "},
{"item_space":"39951.88","gu_nm":"도봉구","item_cnt":71,"item_tel":"070-8863-0217","item_nm":"창동역상점가","item_addr":"도봉구 마들로11가길 12(57m) 도봉구 노해로69길 21(92m) 도봉구 마들로11길 71(45m)","building_type":"상점가       "},
{"item_space":"15669","gu_nm":"노원구","item_cnt":114,"item_tel":"02-976-4143","item_nm":"공릉동 도깨비시장","item_addr":"노원구 동일로 180길 53 (공릉동 561-36)","building_type":"골목형       "},
{"item_space":"21428","gu_nm":"노원구","item_cnt":69,"item_tel":"070-4141-1116","item_nm":"상계중앙시장","item_addr":"노원구 상계로27길 32 (상계동 389-641 외 49필지)","building_type":"골목형       "},
{"item_space":"4121","gu_nm":"노원구","item_cnt":75,"item_tel":"02-971-7072","item_nm":"시영B상가","item_addr":"노원구 동일로 1279 (중계동 503)","building_type":"상점가       "},
{"item_space":"1800","gu_nm":"노원구","item_cnt":65,"item_tel":"02-949-5878","item_nm":"시영2단지 무지개종합상가","item_addr":"노원구 동일로 1280 (중계동 512)","building_type":"상점가       "},
{"item_space":"3015","gu_nm":"노원구","item_cnt":46,"item_tel":"02-933-3388","item_nm":"상계주공1단지(가)상가","item_addr":"노원구 덕릉로 459-37 (상계동 767-5)","building_type":"상점가       "},
{"item_space":"14890","gu_nm":"노원구","item_cnt":120,"item_tel":"02-931-4825","item_nm":"상계역전종합상가","item_addr":"노원구 한글비석로 396 (상계동 173-1)","building_type":"상점가       "},
{"item_space":"7856.79","gu_nm":"노원구","item_cnt":42,"item_tel":"","item_nm":"상계주공15단지상가","item_addr":"노원구 동일로 227길 26 (상계동 624)","building_type":"상점가       "},
{"item_space":"1594","gu_nm":"은평구","item_cnt":87,"item_tel":"02-355-1272","item_nm":"연서시장","item_addr":"은평구통일로850 (불광동 310-118 ,310-200)","building_type":"건물형       "},
{"item_space":"2171","gu_nm":"은평구","item_cnt":38,"item_tel":"02-373-5990","item_nm":"증산종합시장","item_addr":"은평구 증산로3길 12 (증산동 184-9)","building_type":"건물형       "},
{"item_space":"3223","gu_nm":"은평구","item_cnt":56,"item_tel":"02-302-1666","item_nm":"대림시장","item_addr":"은평구 응암로4길20,22,24,26,26-1,26-3 (응암동 754-1)","building_type":"건물형       "},
{"item_space":"2293","gu_nm":"은평구","item_cnt":39,"item_tel":"02-352-1993","item_nm":"제일시장","item_addr":"은평구 대조동 14-1, 21 (통일로731(대조동))","building_type":"건물형       "},
{"item_space":"2272","gu_nm":"은평구","item_cnt":36,"item_tel":"02-389-3330","item_nm":"신응암시장","item_addr":"은평구 응암로22길3-1 (응암동427-130~113)","building_type":"골목형       "},
{"item_space":"5126","gu_nm":"은평구","item_cnt":60,"item_tel":"02-382-5599","item_nm":"대조시장","item_addr":"은평구 진흥로 153 (대조동 12, 26번지 일대)","building_type":"골목형       "},
{"item_space":"1700","gu_nm":"은평구","item_cnt":71,"item_tel":"02-6053-3545","item_nm":"대림골목시장","item_addr":"은평구 응암로12길8 (응암동602-1~31번지750-1~ 695-22일대)","building_type":"골목형       "},
{"item_space":"1244","gu_nm":"은평구","item_cnt":11,"item_tel":"02-302-6729","item_nm":"양지시장","item_addr":"은평구 응암로4길20,22,24,26,26-1,26-3 (응암동 754-1)","building_type":"건물형       "},
{"item_space":"2600","gu_nm":"은평구","item_cnt":87,"item_tel":"02-304-7155","item_nm":"응암오거리상점가","item_addr":"응암로11길, 응암로13길 일대","building_type":"상점가       "},
{"item_space":"16394","gu_nm":"은평구","item_cnt":190,"item_tel":"070-8927-3254","item_nm":"연신내상점가","item_addr":"은평구 통일로85길6-12 (갈현동393-400번지 일대)","building_type":"상점가       "},
{"item_space":"9102","gu_nm":"은평구","item_cnt":69,"item_tel":"02-383-0112","item_nm":"불광먹자골목 골목형상점가","item_addr":"은평구 통일로 66길 일대 (불광1동 281-75 일대)","building_type":"상점가       "},
{"item_space":null,"gu_nm":"은평구","item_cnt":5,"item_tel":"","item_nm":"증산골목시장","item_addr":"은평구 증산로15길11","building_type":"골목형       "},
{"item_space":"6606","gu_nm":"서대문구","item_cnt":59,"item_tel":"02-3216-9393","item_nm":"유진상가","item_addr":"서대문구 통일로 484 (홍제동 294-46)","building_type":"건물형       "},
{"item_space":"6865","gu_nm":"서대문구","item_cnt":30,"item_tel":"02-373-4870/02-303-5514","item_nm":"백련시장","item_addr":"서대문구 가재울로6길 53-87 (남가좌동 345-4)","building_type":"건물형       "},
{"item_space":"4321","gu_nm":"서대문구","item_cnt":95,"item_tel":"02-394-1998","item_nm":"인왕시장","item_addr":"서대문구 인왕시장길 18 (홍제동 298)","building_type":"건물형       "},
{"item_space":"2485","gu_nm":"서대문구","item_cnt":71,"item_tel":"02-363-5350","item_nm":"영천시장","item_addr":"서대문구 영천시장길 27 (영천동 294)","building_type":"골목형       "},
{"item_space":"7310","gu_nm":"서대문구","item_cnt":81,"item_tel":"02-396-3335","item_nm":"포방터시장","item_addr":"서대문구 포방터길 46 (홍은동 9-160)","building_type":"골목형       "},
{"item_space":"3719","gu_nm":"서대문구","item_cnt":34,"item_tel":"","item_nm":"연희사러가","item_addr":"서대문구 연희맛로 23 (연희동 131-1)","building_type":"건물형       "},
{"item_space":"3416","gu_nm":"서대문구","item_cnt":78,"item_tel":"02-365-3580","item_nm":"이대 앞 스타트업 상점가","item_addr":"서대문구 이화여대길 74 (대현동 34-33)","building_type":"상점가       "},
{"item_space":"10659.5","gu_nm":"서대문구","item_cnt":135,"item_tel":"","item_nm":"이화여대 3,5,7길 상점가","item_addr":"서대문구 이화여대 5길 23, 1층 (대현동 37-18)","building_type":"상점가       "},
{"item_space":"9175","gu_nm":"서대문구","item_cnt":66,"item_tel":"","item_nm":"아현가구거리상점가","item_addr":"서대문구 신촌로 311 일원","building_type":"상점가       "},
{"item_space":"1814","gu_nm":"서대문구","item_cnt":30,"item_tel":"02-6257-6000","item_nm":"신촌 상인회","item_addr":"서대문구 연세로5다길 40, 2층","building_type":"상점가       "},
{"item_space":"2474","gu_nm":"서대문구","item_cnt":61,"item_tel":"","item_nm":"홍제골목형상점가","item_addr":"서대문구 홍제동 299-12~32 일원","building_type":"상점가       "},
{"item_space":"1699","gu_nm":"마포구","item_cnt":43,"item_tel":"02-712-0076","item_nm":"공덕시장","item_addr":"마포구 만리재로19(B동) (공덕동 256-10 )","building_type":"건물형       "},
{"item_space":"1689","gu_nm":"마포구","item_cnt":78,"item_tel":"02-719-3308(A동)/02-712-0687(C동)","item_nm":"마포시장","item_addr":"마포구 마포대로6길16(C동)(공덕동 256-5) 만리재로23(A동)(공덕동 256-30)","building_type":"건물형       "},
{"item_space":"492","gu_nm":"마포구","item_cnt":18,"item_tel":"02-325-9559","item_nm":"동진시장","item_addr":"마포구 성미산로198 (연남동 227-15)","building_type":"건물형       "},
{"item_space":"3761","gu_nm":"마포구","item_cnt":12,"item_tel":"02-336-1494","item_nm":"영진시장","item_addr":"마포구 동교로12길21 (서교동 485-14)","building_type":"건물형       "},
{"item_space":"12640","gu_nm":"마포구","item_cnt":9,"item_tel":"02-3141-2502","item_nm":"서교시장","item_addr":"마포구 홍익로3길20 (서교동 357-1)","building_type":"건물형       "},
{"item_space":"5433","gu_nm":"마포구","item_cnt":8,"item_tel":"02-334-2425","item_nm":"합정시장","item_addr":"마포구 양화진길5(합정동, 합정아파트) (합정동 375-1)","building_type":"건물형       "},
{"item_space":"17319","gu_nm":"마포구","item_cnt":136,"item_tel":"02-309-0419","item_nm":"마포농수산물시장","item_addr":"마포구 월드컵로235 (성산동 533-1)","building_type":"건물형       "},
{"item_space":"5473","gu_nm":"마포구","item_cnt":50,"item_tel":"02-322-6656","item_nm":"망원동월드컵시장","item_addr":"마포구 망원로7길 일대 (망원동 423-13)","building_type":"골목형       "},
{"item_space":"11159","gu_nm":"마포구","item_cnt":82,"item_tel":"02-335-3591","item_nm":"망원시장","item_addr":"마포구 망원로8길3~70일대 (망원동 486-37)","building_type":"골목형       "},
{"item_space":"18849.35","gu_nm":"마포구","item_cnt":148,"item_tel":"02-364-3600","item_nm":"아현시장","item_addr":"마포대로21길,굴레방로7길,9길일대 (아현동327-19)","building_type":"골목형       "},
{"item_space":"9242","gu_nm":"마포구","item_cnt":153,"item_tel":"02-3272-8688","item_nm":"용강동 상점가","item_addr":"토정로 315 (용강동 40-5)","building_type":"상점가       "},
{"item_space":"5650","gu_nm":"마포구","item_cnt":146,"item_tel":"","item_nm":"도화동 상점가","item_addr":"도화길, 새창로2길(도화동일대)","building_type":"상점가       "},
{"item_space":"5558","gu_nm":"마포구","item_cnt":139,"item_tel":"02-376-1623","item_nm":"상암동상점가","item_addr":"마포구 월드컵북로44길33 (상암동 33-1)","building_type":"상점가       "},
{"item_space":"5135","gu_nm":"마포구","item_cnt":607,"item_tel":"02-325-7447","item_nm":"홍대걷고싶은거리","item_addr":"마포구 어울마당로109~155일대 (동교동,서교동)","building_type":"상점가       "},
{"item_space":"5989","gu_nm":"마포구","item_cnt":160,"item_tel":"02-336-3644","item_nm":"홍대소상공인상점가","item_addr":"마포구 홍익로3길 일대 (서교동)","building_type":"상점가       "},
{"item_space":"2320","gu_nm":"양천구","item_cnt":51,"item_tel":"02-2606-5988","item_nm":"경창시장","item_addr":"양천구 오목로9길 31 (신월2동 447-8)","building_type":"골목형       "},
{"item_space":"3020","gu_nm":"양천구","item_cnt":87,"item_tel":"","item_nm":"목2동시장","item_addr":"양천구 목동중앙북로16길 3 (목2동 526)","building_type":"골목형       "},
{"item_space":"5106","gu_nm":"양천구","item_cnt":96,"item_tel":"02-2644-3238","item_nm":"목동깨비시장(목3동시장)","item_addr":"양천구 목동중앙북로6길 5 (목3동 617-13)","building_type":"골목형       "},
{"item_space":"1970","gu_nm":"양천구","item_cnt":86,"item_tel":"02-2647-9191","item_nm":"목사랑시장(목4동시장)","item_addr":"양천구 목동중앙남로 7길 8 (목동 726-18)","building_type":"골목형       "},
{"item_space":"4520","gu_nm":"양천구","item_cnt":110,"item_tel":"02-2604-3319","item_nm":"신영시장","item_addr":"양천구 월정로 161-5 (신월1동 114-18)","building_type":"골목형       "},
{"item_space":"2230","gu_nm":"양천구","item_cnt":121,"item_tel":"","item_nm":"월정로시장","item_addr":"양천구 월정로29길 3 (신월1동 114-1)","building_type":"골목형       "},
{"item_space":"9923","gu_nm":"양천구","item_cnt":156,"item_tel":"","item_nm":"신월3동시장 골목형상점가","item_addr":"양천구 남부순환로40가길 1-1 (신월3동 178-1)","building_type":"골목형       "},
{"item_space":"2190","gu_nm":"양천구","item_cnt":53,"item_tel":"","item_nm":"신월6동 골목시장","item_addr":"양천구 달맞이1길 7 (신월동 574-15)","building_type":"골목형       "},
{"item_space":"480","gu_nm":"양천구","item_cnt":10,"item_tel":"","item_nm":"신월7동 골목시장(약수시장)","item_addr":"양천구 자양로 82 (자양동 627-21)","building_type":"골목형       "},
{"item_space":"1560","gu_nm":"양천구","item_cnt":38,"item_tel":"","item_nm":"신정1동 골목시장","item_addr":"양천구 중앙로34길 28 (신정동 1029-1)","building_type":"골목형       "},
{"item_space":"1150","gu_nm":"양천구","item_cnt":8,"item_tel":"02-2698-6057","item_nm":"신곡종합시장","item_addr":"양천구 남부순환로79길 37 (신월6동 575-17)","building_type":"건물형       "},
{"item_space":"1340","gu_nm":"양천구","item_cnt":11,"item_tel":"","item_nm":"신정제일시장","item_addr":"양천구 중앙로34길 30 (신정1동 1030-6)","building_type":"건물형       "},
{"item_space":"5035","gu_nm":"양천구","item_cnt":19,"item_tel":"02-2693-1241","item_nm":"우성상가","item_addr":"양천구 지양로 78 (신월7동 928-1)","building_type":"건물형       "},
{"item_space":"4407","gu_nm":"양천구","item_cnt":63,"item_tel":"","item_nm":"오목교중앙시장","item_addr":"양천구 신정동 126-5 일대","building_type":"골목형       "},
{"item_space":"1967","gu_nm":"양천구","item_cnt":48,"item_tel":"","item_nm":"서서울 골목형상점가","item_addr":"양천구 곰달래로13길 15 일대 (신월동 117-8)","building_type":"골목형       "},
{"item_space":"3582","gu_nm":"강서구","item_cnt":4,"item_tel":"02-2662-2751","item_nm":"공항시장","item_addr":"강서구 방화동로3길 7 (방화동 620-17)","building_type":"건물형       "},
{"item_space":"2241","gu_nm":"강서구","item_cnt":20,"item_tel":"02-2651-5554","item_nm":"남부화곡시장","item_addr":"강서구 등촌로5길 80 (화곡동 830-1)","building_type":"건물형       "},
{"item_space":"2739","gu_nm":"강서구","item_cnt":32,"item_tel":"02-2695-4425","item_nm":"대원종합시장","item_addr":"강서구 화곡로21길 78 (화곡동 1023)","building_type":"건물형       "},
{"item_space":"1943","gu_nm":"강서구","item_cnt":18,"item_tel":"02-2693-9686","item_nm":"신월중앙시장","item_addr":"강서구 강서로 54길 109 (화곡동 929-1)","building_type":"건물형       "},
{"item_space":"2325","gu_nm":"강서구","item_cnt":10,"item_tel":"02-3661-8993","item_nm":"등마루시장","item_addr":"강서구 화곡로 68길 120 (등촌동 637-10)","building_type":"건물형       "},
{"item_space":"26139","gu_nm":"강서구","item_cnt":138,"item_tel":"02-2606-4500","item_nm":"까치산시장","item_addr":"강서구 강서로12길 14 (강서구 화곡동 342-16)","building_type":"골목형       "},
{"item_space":"21776","gu_nm":"강서구","item_cnt":145,"item_tel":"02-2646-5656","item_nm":"남부골목시장","item_addr":"강서구 등촌로5길 62-4 (화곡동 801-9","building_type":"골목형       "},
{"item_space":"6963","gu_nm":"강서구","item_cnt":88,"item_tel":"02-2666-4080","item_nm":"방신전통시장","item_addr":"강서구 방화동로16길 32 (강서구 방화동 567-23)","building_type":"골목형       "},
{"item_space":"9436","gu_nm":"강서구","item_cnt":55,"item_tel":"02-2065-7212","item_nm":"화곡중앙시장","item_addr":"강서구 월정로30길 63 (화곡동 370-37)","building_type":"골목형       "},
{"item_space":"5805","gu_nm":"강서구","item_cnt":50,"item_tel":"02-2698-0779","item_nm":"화곡본동시장","item_addr":"강서구 까치산로 35 (화곡동 98-45)","building_type":"골목형       "},
{"item_space":"26319","gu_nm":"강서구","item_cnt":75,"item_tel":"02-2696-5225","item_nm":"송화벽화시장","item_addr":"강서구 강서로 263-29 (강서구 내발산동 720-4)","building_type":"골목형       "},
{"item_space":"5092","gu_nm":"구로구","item_cnt":146,"item_tel":"02-868-1452","item_nm":"구로시장","item_addr":"구로구 구로동로22길 20-27 (구로동 735-168)","building_type":"골목형       "},
{"item_space":"3947","gu_nm":"구로구","item_cnt":16,"item_tel":"","item_nm":"오류시장","item_addr":"구로구 경인로19가길 14-1 (오류동 38-7)","building_type":"건물형       "},
{"item_space":"1515","gu_nm":"구로구","item_cnt":21,"item_tel":"02-839-3151","item_nm":"개봉중앙시장","item_addr":"구로구 개봉로17길 34 (개봉동 324-1)","building_type":"건물형       "},
{"item_space":"3947","gu_nm":"구로구","item_cnt":67,"item_tel":" 02-2060-7504","item_nm":"고척근린시장","item_addr":"구로구 경인로33길 98-9 (고척동 257-6번지 외)","building_type":"골목형       "},
{"item_space":"23966","gu_nm":"구로구","item_cnt":183,"item_tel":"02-855-8509","item_nm":"남구로시장(舊 구로자율시장)","item_addr":"구로구 구로동로28길 16-7(구로동) 일원","building_type":"골목형       "},
{"item_space":"11965","gu_nm":"구로구","item_cnt":16,"item_tel":"","item_nm":"고척프라자","item_addr":"구로구 중앙로10길 7 (고척동 50-48)","building_type":"건물형       "},
{"item_space":"9974","gu_nm":"구로구","item_cnt":36,"item_tel":"","item_nm":"개봉프라자","item_addr":"구로구 고척로40길 19 (고척동 269-1)","building_type":"건물형       "},
{"item_space":"8859","gu_nm":"구로구","item_cnt":64,"item_tel":"","item_nm":"가리봉시장","item_addr":"구로구 우마길 15 (가리봉동 123-79)","building_type":"골목형       "},
{"item_space":"2862","gu_nm":"구로구","item_cnt":60,"item_tel":"","item_nm":"고척골목시장상점가","item_addr":"구로구고척동51-1일대","building_type":"상점가       "},
{"item_space":"13079","gu_nm":"금천구","item_cnt":108,"item_tel":"02-868-9727","item_nm":"별빛남문시장","item_addr":"금천구 시흥대로144길 17 (독산동 984-10)","building_type":"골목형       "},
{"item_space":"23598","gu_nm":"금천구","item_cnt":188,"item_tel":"02-802-7720","item_nm":"비단길현대시장","item_addr":"금천구 독산로41길 7 (시흥동 856~888)","building_type":"골목형       "},
{"item_space":"22929","gu_nm":"금천구","item_cnt":236,"item_tel":"02-808-0811","item_nm":"대명여울빛거리시장(시장활성화구역 - 전통시장+상점가)","item_addr":"금천구 시흥대로52길 70 (시흥동 884-5)","building_type":"골목형       "},
{"item_space":"2202","gu_nm":"금천구","item_cnt":50,"item_tel":"02-802-5514","item_nm":"은행나무시장","item_addr":"금천구 금하로25길 1~35 골목일대 (시흥동)","building_type":"골목형       "},
{"item_space":"18600","gu_nm":"금천구","item_cnt":159,"item_tel":"02-896-1233","item_nm":"독산동 우시장","item_addr":"금천구 범안로 1209 (독산동 293-5,6 외 3필지)","building_type":"건물형       "},
{"item_space":"18021","gu_nm":"금천구","item_cnt":157,"item_tel":"02-837-1011","item_nm":"독산동 맛나는거리상점가","item_addr":"독산동 286-14 외 50필지 (금천구 시흥대로 398 ~ 독산로 247 )","building_type":"상점가       "},
{"item_space":"6814","gu_nm":"금천구","item_cnt":140,"item_tel":"02-805-1544","item_nm":"정훈한마음골목시장","item_addr":"금천구 독산로64길 23 (독산동 1040-86)","building_type":"상점가       "},
{"item_space":"3758","gu_nm":"영등포구","item_cnt":48,"item_tel":"02-2634-0536","item_nm":"삼구시장","item_addr":"영등포구 영등포로 219(영등포동5가 19)","building_type":"건물형       "},
{"item_space":"5722","gu_nm":"영등포구","item_cnt":63,"item_tel":"02-2635-4846","item_nm":"동남상가","item_addr":"영등포구 영등포로37길 4 (영등포동5가 24)","building_type":"건물형       "},
{"item_space":"10323","gu_nm":"영등포구","item_cnt":86,"item_tel":"02-2634-0602","item_nm":"영신상가","item_addr":"영등포구 영등포로 225 (영등포동5가 18)","building_type":"건물형       "},
{"item_space":"4156","gu_nm":"영등포구","item_cnt":2,"item_tel":"02-846-7747","item_nm":"도림시장","item_addr":"영등포구 도영로 50 (도림동 176-1)","building_type":"건물형       "},
{"item_space":"1877","gu_nm":"영등포구","item_cnt":8,"item_tel":"02-832-1752","item_nm":"신동시장","item_addr":"영등포구 가마산로69가길 12 (신길동 259-8,9)","building_type":"건물형       "},
{"item_space":"12968","gu_nm":"영등포구","item_cnt":110,"item_tel":"02-842-0003","item_nm":"대신시장","item_addr":"영등포구 도신로60길 7 (신길동 116-15)","building_type":"건물형       "},
{"item_space":"1897","gu_nm":"영등포구","item_cnt":64,"item_tel":"02-2679-6832","item_nm":"영일시장","item_addr":"영등포구 문래로30길 27 (문래동3가 10)","building_type":"골목형       "},
{"item_space":"75575","gu_nm":"영등포구","item_cnt":1450,"item_tel":"02-2635-7300","item_nm":"영등포유통상가","item_addr":"영등포구 영등포로 109 (당산동2가 30-2)","building_type":"건물형       "},
{"item_space":"2974","gu_nm":"영등포구","item_cnt":91,"item_tel":"02-833-8113","item_nm":"대림중앙시장","item_addr":"영등포구 디지털로37나길 21 (대림동 1075-47)","building_type":"골목형       "},
{"item_space":"5245","gu_nm":"영등포구","item_cnt":97,"item_tel":"02-2634-1308","item_nm":"영등포전통시장","item_addr":"영등포동5가 33-29","building_type":"혼합형       "},
{"item_space":"1063","gu_nm":"영등포구","item_cnt":44,"item_tel":"02-2634-0310","item_nm":"제일상가","item_addr":"영등포구 영등포로 225 (영등포동5가 18)","building_type":"건물형       "},
{"item_space":"19800","gu_nm":"영등포구","item_cnt":155,"item_tel":"02-2675-3269","item_nm":"영등포청과시장","item_addr":"영등포구 영신로41길 5-1 (당산동1가 157)","building_type":"골목형       "},
{"item_space":"5164","gu_nm":"영등포구","item_cnt":94,"item_tel":"02-2634-0591","item_nm":"로타리상가","item_addr":"영등포구 영등포로 219 (영등포동5가 20)","building_type":"건물형       "},
{"item_space":"8580","gu_nm":"영등포구","item_cnt":41,"item_tel":"02-2634-7610","item_nm":"남서울상가","item_addr":"영등포구 영중로14길 11 (영등포동5가 16())","building_type":"상점가       "},
{"item_space":"2991","gu_nm":"영등포구","item_cnt":84,"item_tel":"02-835-5599","item_nm":"우리시장","item_addr":"대림동 906-83","building_type":"골목형       "},
{"item_space":"3637","gu_nm":"영등포구","item_cnt":68,"item_tel":"02-2676-2235","item_nm":"영등포시장지하도상가","item_addr":"영등포구 영등포로 지하 221 (영등포동5가 20)","building_type":"지하도상가     "},
{"item_space":"4678","gu_nm":"영등포구","item_cnt":74,"item_tel":"02-3667-8681","item_nm":"영등포역지하도상가","item_addr":"영등포구 경인로 843 (영등포동3가 33)","building_type":"지하도상가     "},
{"item_space":"6161","gu_nm":"영등포구","item_cnt":101,"item_tel":"02-2631-1248","item_nm":"영등포로타리지하도상가","item_addr":"영중로 지하 20","building_type":"지하도상가     "},
{"item_space":"35477","gu_nm":"영등포구","item_cnt":369,"item_tel":"02-2635-8005","item_nm":"영등포시장기계공구상가","item_addr":"영등포구 영중로14길 48 (영등포동2가 167-1)","building_type":"골목형       "},
{"item_space":"1201","gu_nm":"영등포구","item_cnt":35,"item_tel":"","item_nm":"선유도역 골목형상점가","item_addr":"영등포구 선유로47길, 49길, 양평로19길 일대","building_type":"골목형       "},
{"item_space":"2519","gu_nm":"영등포구","item_cnt":39,"item_tel":"","item_nm":"대림중앙 골목형상점가","item_addr":"영등포구 디지털로37길 29","building_type":"골목형       "},
{"item_space":"3843","gu_nm":"동작구","item_cnt":14,"item_tel":"02-582-9900","item_nm":"사당시장","item_addr":"동작구 사당로 244 (사당4동 318-8)","building_type":"건물형       "},
{"item_space":"2323","gu_nm":"동작구","item_cnt":16,"item_tel":"02-813-6231","item_nm":"강남시장","item_addr":"동작구 상도로 357 (상도동 488)","building_type":"건물형       "},
{"item_space":"6831","gu_nm":"동작구","item_cnt":56,"item_tel":"02-822-4488","item_nm":"성대시장","item_addr":"동작구 상도로 102 (상도동 324-1)","building_type":"건물형       "},
{"item_space":"8099","gu_nm":"동작구","item_cnt":20,"item_tel":"02-823-3655","item_nm":"본동인정시장","item_addr":"동작구 매봉로 177 (본동 187-1외 66필지)","building_type":"골목형       "},
{"item_space":"3512","gu_nm":"동작구","item_cnt":16,"item_tel":"02-826-5800","item_nm":"신노량진시장","item_addr":"동작구 장승배기로 123-6 (노량진동 307-9)","building_type":"건물형       "},
{"item_space":"2320","gu_nm":"동작구","item_cnt":23,"item_tel":"02-812-5535","item_nm":"노량진중앙시장","item_addr":"동작구 만양로16길 9 (노량진동 119-153","building_type":"골목형       "},
{"item_space":"10984","gu_nm":"동작구","item_cnt":135,"item_tel":"02-536-3002","item_nm":"남성사계시장(남성시장)","item_addr":"동작구 동작대로 129 일원 (사당동 86-9 외)","building_type":"골목형       "},
{"item_space":"7109","gu_nm":"동작구","item_cnt":99,"item_tel":"02-822-4456","item_nm":"성대전통시장","item_addr":"국사봉1길 41 일원 (상도동 324-68 일원)","building_type":"골목형       "},
{"item_space":"5051","gu_nm":"동작구","item_cnt":66,"item_tel":"02-3280-4050","item_nm":"흑석시장","item_addr":"동작구 서달로12길 19 일원 (흑석동 54-148 일원)","building_type":"골목형       "},
{"item_space":"5579","gu_nm":"동작구","item_cnt":75,"item_tel":"070-4015-8396","item_nm":"남성역골목시장","item_addr":"동작구 사당로16가길 19  일원 (사당동 267-4 일원)","building_type":"골목형       "},
{"item_space":"7770","gu_nm":"동작구","item_cnt":69,"item_tel":"02-824-3747 ","item_nm":"상도전통시장","item_addr":"동작구 상도로37길 62 일원 (상도동 467-2 일원)","building_type":"골목형       "},
{"item_space":"4228","gu_nm":"동작구","item_cnt":81,"item_tel":" 02-522-5578","item_nm":"사당1동먹자골목상점가","item_addr":"동작대로3길 14 일원 (사당동 1032-31 일원)","building_type":"골목형       "},
{"item_space":"6108","gu_nm":"동작구","item_cnt":100,"item_tel":"070-8100-8708","item_nm":"상도약수골목형상점가","item_addr":"동작구 양녕로26길 10 일대 (상도4동 210번지 일대)","building_type":"상점가       "},
{"item_space":"5130","gu_nm":"동작구","item_cnt":99,"item_tel":"","item_nm":"상도도깨비 골목형상점가","item_addr":"동작구 상도로 22길 일대 (상도동 186-5 일원)","building_type":"상점가       "},
{"item_space":null,"gu_nm":"동작구","item_cnt":113,"item_tel":"02-831-6787","item_nm":"신대방1동골목상권","item_addr":"동작구 시흥대로 658 ~ 신대방길 54 (신대방동 607-5 일원)","building_type":"골목형       "},
{"item_space":null,"gu_nm":"동작구","item_cnt":30,"item_tel":"","item_nm":"만양로상점가","item_addr":"동작구 만양로 92","building_type":"상점가       "},
{"item_space":"3068","gu_nm":"관악구","item_cnt":35,"item_tel":"02-874-1500","item_nm":"봉일시장","item_addr":"관악구 은천로 28 (은천동 951-25)","building_type":"건물형       "},
{"item_space":"2069","gu_nm":"관악구","item_cnt":31,"item_tel":"02-882-0492","item_nm":"봉천현대시장","item_addr":"관악구 양녕로 49 (은천동 502-4)","building_type":"건물형       "},
{"item_space":"3521","gu_nm":"관악구","item_cnt":31,"item_tel":"02-878-8881","item_nm":"봉천제일종합시장","item_addr":"관악구 청룡2길 29 (청룡동 921-1)","building_type":"건물형       "},
{"item_space":"3406","gu_nm":"관악구","item_cnt":36,"item_tel":"02-876-5574","item_nm":"봉천중앙시장","item_addr":"관악구 관악로 211 (중앙동 32-2)","building_type":"건물형       "},
{"item_space":"3778","gu_nm":"관악구","item_cnt":25,"item_tel":"02-856-4556","item_nm":"신림종합시장","item_addr":"관악구 남부순환로157길 63 (신사동 505-1)","building_type":"건물형       "},
{"item_space":"1824","gu_nm":"관악구","item_cnt":11,"item_tel":"","item_nm":"신신림시장","item_addr":"관악구 원신2길 34 (삼성동 390-1)","building_type":"건물형       "},
{"item_space":"6167","gu_nm":"관악구","item_cnt":140,"item_tel":"02-853-7471","item_nm":"신림중앙시장","item_addr":"관악구 조원로16길 27 (조원동 541)","building_type":"건물형       "},
{"item_space":"2059","gu_nm":"관악구","item_cnt":7,"item_tel":"02-888-0930","item_nm":"원당종합시장","item_addr":"관악구 남부순환로248길 35 (인헌동 1638-20)","building_type":"건물형       "},
{"item_space":"1726","gu_nm":"관악구","item_cnt":17,"item_tel":"02-853-1866","item_nm":"우림시장","item_addr":"관악구 난곡로26길 4 (난곡동 637-1)","building_type":"건물형       "},
{"item_space":"2036","gu_nm":"관악구","item_cnt":57,"item_tel":"02-856-4355","item_nm":"관악종합시장","item_addr":"관악구 신원로 23 (신원동 1602-1)","building_type":"건물형       "},
{"item_space":"5053","gu_nm":"관악구","item_cnt":43,"item_tel":"02-875-4271","item_nm":"신림현대종합상가","item_addr":"관악구 신림로29길 8 (서림동 1694)","building_type":"건물형       "},
{"item_space":"3678","gu_nm":"관악구","item_cnt":119,"item_tel":"02-854-5453","item_nm":"신원시장","item_addr":"관악구 신원로3길 20-3 (신원동 1587-26)","building_type":"골목형       "},
{"item_space":"9831","gu_nm":"관악구","item_cnt":70,"item_tel":"02-857-3810","item_nm":"조원동 펭귄시장","item_addr":"관악구 남부순환로143나길 7 (조원동 541-6)","building_type":"골목형       "},
{"item_space":"9751","gu_nm":"관악구","item_cnt":52,"item_tel":"070-8104-2665","item_nm":"인헌시장","item_addr":"관악구 인헌6길 24 (인헌동 1638-22)","building_type":"골목형       "},
{"item_space":"4800","gu_nm":"관악구","item_cnt":228,"item_tel":"02-884-0428","item_nm":"삼성동 시장","item_addr":"관악구 원신1길 28-1 (삼성동 808-495)","building_type":"골목형       "},
{"item_space":"20432","gu_nm":"관악구","item_cnt":223,"item_tel":"","item_nm":"봉리단길 골목형상점가","item_addr":"장군봉6길 15 외 68필지 (청룡동 928-1 외 68필지)","building_type":"골목형       "},
{"item_space":"17115","gu_nm":"관악구","item_cnt":200,"item_tel":"02-889-1233","item_nm":"서원동상점가","item_addr":"관악구 신림로 329 (서원동 1637)","building_type":"상점가       "},
{"item_space":"9190","gu_nm":"관악구","item_cnt":94,"item_tel":"02-859-1383","item_nm":"미성동 도깨비시장 골목형상점가","item_addr":"관악구 미성3길 1 (미성동 727-5)","building_type":"골목형       "},
{"item_space":"8071.9","gu_nm":"관악구","item_cnt":59,"item_tel":"","item_nm":"강남골목시장","item_addr":"관악구 조원로6길 15 외 20필지 (조원동 1652 외 20필지)","building_type":"골목형       "},
{"item_space":"5243","gu_nm":"관악구","item_cnt":79,"item_tel":"","item_nm":"난곡 골목형상점가","item_addr":"관악구 난곡로24길 12 외","building_type":"골목형       "},
{"item_space":"4247","gu_nm":"관악구","item_cnt":65,"item_tel":"","item_nm":"관악중부시장","item_addr":"관악구 관악로 222 외","building_type":"골목형       "},
{"item_space":"5975","gu_nm":"서초구","item_cnt":84,"item_tel":"02-599-6735","item_nm":"남부종합시장","item_addr":"서초구 방배중앙로27길 17 (방배본동 767-1)","building_type":"건물형       "},
{"item_space":"2525","gu_nm":"서초구","item_cnt":34,"item_tel":"02-573-2132","item_nm":"양재시장","item_addr":"서초구 남부순환로356길 15 (양재동 1-7,8-1번지)","building_type":"건물형       "},
{"item_space":"7696","gu_nm":"서초구","item_cnt":608,"item_tel":"02-535-8182","item_nm":"강남터미널지하도상점가","item_addr":"서초구 신반포로 200 (반포동 163 지하도상가 라40)","building_type":"지하도상가     "},
{"item_space":"1556","gu_nm":"서초구","item_cnt":30,"item_tel":"02-6321-6008","item_nm":"엔터식스 강남점","item_addr":"서초구 신반포로 194 (반포동 19-3,4)","building_type":"지하도상가     "},
{"item_space":"6847","gu_nm":"서초구","item_cnt":104,"item_tel":"02-579-1966","item_nm":"말죽거리 골목형상점가","item_addr":"서초구 남부순환로 356길 49 (양재동 9)","building_type":"골목형       "},
{"item_space":"4856","gu_nm":"강남구","item_cnt":70,"item_tel":"02-542-1754","item_nm":"강남시장","item_addr":"강남구 압구정로2길 46 (신사동 510-11호)","building_type":"건물형       "},
{"item_space":"39954","gu_nm":"강남구","item_cnt":110,"item_tel":"02-512-9111","item_nm":"영동전통시장","item_addr":"강남구 강남대로 128길 20 (논현동 140외 44필지)","building_type":"골목형       "},
{"item_space":"2439","gu_nm":"강남구","item_cnt":40,"item_tel":"02-549-1940","item_nm":"논현종합시장","item_addr":"강남구 봉은사로33길 33 (논현동 227-4)","building_type":"건물형       "},
{"item_space":"2931","gu_nm":"강남구","item_cnt":84,"item_tel":"02-542-3516","item_nm":"신사상가","item_addr":"강남구 압구정로29길 72-1 (압구정동 454)","building_type":"건물형       "},
{"item_space":"5685","gu_nm":"강남구","item_cnt":175,"item_tel":"02-547-0225","item_nm":"청담삼익시장","item_addr":"강남구 학동로 101길 26 (청담동 134-20)","building_type":"건물형       "},
{"item_space":"12099","gu_nm":"강남구","item_cnt":212,"item_tel":"02-553-1898","item_nm":"강남역 지하도상가","item_addr":"강남구 테헤란로 101 (역삼동 821-1)","building_type":"상점가       "},
{"item_space":"12099","gu_nm":"강남구","item_cnt":137,"item_tel":"02-3411-5266","item_nm":"강남개포시장 (개포2동 중심상점가)","item_addr":"강남구 개포로 512(개포동186)","building_type":"상점가       "},
{"item_space":"3106","gu_nm":"강남구","item_cnt":58,"item_tel":"02-556-1229","item_nm":"도곡시장","item_addr":"강남구 선릉로 63길7 (역삼동 765-5)","building_type":"상점가       "},
{"item_space":"28723","gu_nm":"강남구","item_cnt":549,"item_tel":"02-556-9323","item_nm":"은마종합상점가","item_addr":"강남구 삼성로 212 (대치동 316)","building_type":"상점가       "},
{"item_space":"6688.28","gu_nm":"강남구","item_cnt":34,"item_tel":"","item_nm":"강남언주로","item_addr":"강남구 언주로98길 5-4 (역삼동 699-1)","building_type":"상점가       "},
{"item_space":"3871","gu_nm":"송파구","item_cnt":64,"item_tel":"02-409-6500","item_nm":"마천시장","item_addr":"마천로 45길 23 (마천동 140-2,3)","building_type":"건물형       "},
{"item_space":"17833","gu_nm":"송파구","item_cnt":60,"item_tel":"02-414-8784","item_nm":"석촌시장","item_addr":"송파대로37길 52 (석촌동 274-8)","building_type":"골목형       "},
{"item_space":"19961","gu_nm":"송파구","item_cnt":111,"item_tel":"02-413-5757","item_nm":"새마을시장","item_addr":"백제고분로15길 42 (잠실동 207-4)","building_type":"골목형       "},
{"item_space":"23670","gu_nm":"송파구","item_cnt":146,"item_tel":"02-472-2050","item_nm":"풍납시장","item_addr":"바람드리길 15-1 (풍납동 88-61)","building_type":"골목형       "},
{"item_space":"45850","gu_nm":"송파구","item_cnt":254,"item_tel":"02-400-1633","item_nm":"문정동 로데오거리 상점가","item_addr":"동남로 4길 10 (문정동 41-5)","building_type":"상점가       "},
{"item_space":"35625","gu_nm":"송파구","item_cnt":138,"item_tel":"02-413-2100","item_nm":"방이시장","item_addr":"가락로 243 (방이동 124-20일대)","building_type":"골목형       "},
{"item_space":"14757","gu_nm":"송파구","item_cnt":140,"item_tel":"02-448-2808","item_nm":"마천중앙시장","item_addr":"마천로45길 16, 2층 (마천동 136-20)","building_type":"골목형       "},
{"item_space":"12,607.5","gu_nm":"송파구","item_cnt":191,"item_tel":"02-400-5688","item_nm":"가락골골목형상점가","item_addr":"송이로20길 12-16, 2층 (가락동 86-4)","building_type":"상점가       "},
{"item_space":"17394","gu_nm":"강동구","item_cnt":114,"item_tel":"02-442-1040","item_nm":"암사종합시장","item_addr":"강동구 성암로11길 25 (암사동 501-17)","building_type":"골목형       "},
{"item_space":"2050","gu_nm":"강동구","item_cnt":151,"item_tel":"070-4896-2544","item_nm":"길동복조리시장","item_addr":"강동구 천중로52길37일대","building_type":"골목형       "},
{"item_space":"3955","gu_nm":"강동구","item_cnt":87,"item_tel":"02-6052-5657","item_nm":"둔촌역전통시장","item_addr":"강동구 풍성로58길 34 (성내동 428-9)","building_type":"골목형       "},
{"item_space":"2700","gu_nm":"강동구","item_cnt":76,"item_tel":"02-475-8272","item_nm":"성내전통시장","item_addr":"강동구 천호대로162길 65 (성내동 144-16)","building_type":"골목형       "},
{"item_space":"1862","gu_nm":"강동구","item_cnt":60,"item_tel":"02-475-7095","item_nm":"명일전통시장","item_addr":"강동구 양재대로138길 일대","building_type":"골목형       "},
{"item_space":"1468","gu_nm":"강동구","item_cnt":85,"item_tel":"02-6227-0045","item_nm":"고분다리전통시장","item_addr":"강동구 구천면로34길 10 (천호동 393-33)","building_type":"골목형       "},
{"item_space":"6273","gu_nm":"강동구","item_cnt":150,"item_tel":"02-478-7156","item_nm":"로데오거리상점가","item_addr":"강동구 천호대로157길 14 (천호동 454-50)","building_type":"상점가       "},
{"item_space":"3366","gu_nm":"강동구","item_cnt":109,"item_tel":"02-475-9140","item_nm":"장신구 특화거리 상점가","item_addr":"강동구 성내로 83 (성내동 545-6)","building_type":"상점가       "},
{"item_space":"6699","gu_nm":"강동구","item_cnt":104,"item_tel":"02-429-1376","item_nm":"고덕 골목형상점가","item_addr":"강동구 고덕로83길 18일대","building_type":"상점가       "}
]
}