<?xml version="1.0" encoding="UTF-8"?>
<!DOCTYPE mapper PUBLIC "-//mybatis.org//DTD Mapper 3.0//EN" "http://mybatis.org/dtd/mybatis-3-mapper.dtd">

<!-- JAVA와 연결할 Mapper 파일 설정 -->
<mapper namespace="kopo.poly.persistance.mapper.ICustomerMapper">
    <!-- 소비자 ID 중복 확인 쿼리 -->
    <select id="getCustomerIdExists" parameterType="CustomerDTO" resultType="CustomerDTO">
        SELECT IF(COUNT(1) = 0, 'N', 'Y') AS EXISTS_YN
        FROM CUSTOMER
        WHERE CUSTOMER_ID = #{customerId}
    </select>
    <!-- 소비자 이메일 중복 확인 쿼리 -->
    <select id="getEmailExists" parameterType="CustomerDTO" resultType="CustomerDTO">
        SELECT IF(COUNT(1) = 0, 'N', 'Y')  AS EXISTS_YN
        FROM CUSTOMER
        WHERE CUSTOMER_EMAIL = #{customerEmail}
    </select>
    <!-- 아이디 찾기 아이디 가져오기 쿼리 -->
    <select id="getCustomerId" parameterType="CustomerDTO" resultType="CustomerDTO">
        SELECT CUSTOMER_ID
        FROM CUSTOMER
        WHERE  CUSTOMER_EMAIL = #{customerEmail}
        AND CUSTOMER_NAME = #{customerName}
    </select>
    <!-- 비밀번호 찾기 아이디 가져오기 쿼리 -->
    <select id="getCustomerPw" parameterType="CustomerDTO" resultType="CustomerDTO">
        SELECT CUSTOMER_ID
        FROM CUSTOMER
        WHERE  CUSTOMER_EMAIL = #{customerEmail}
          AND CUSTOMER_ID = #{customerId}
    </select>

    <!-- 소비자 회원가입 쿼리 -->
    <insert id="insertCustomer" parameterType="CustomerDTO">
        INSERT INTO CUSTOMER (CUSTOMER_ID, CUSTOMER_PW, CUSTOMER_NAME, PHONE_NUMBER, CUSTOMER_EMAIL, POINT)
        VALUES (#{customerId}, #{customerPw}, #{customerName}, #{phoneNumber}, #{customerEmail}, 0)
    </insert>

    <!-- 로그인 정보 확인 쿼리 -->
    <select id="getLogin" parameterType="CustomerDTO" resultType="CustomerDTO">
        SELECT CUSTOMER_ID, REWARD
        FROM CUSTOMER
        WHERE CUSTOMER_ID = #{customerId}
        AND CUSTOMER_PW = #{customerPw}
    </select>

    <!-- 소비자 정보 조회 쿼리 -->
    <select id="getCustomerInfo" parameterType="CustomerDTO" resultType="CustomerDTO">
        SELECT CUSTOMER_NAME, PHONE_NUMBER, CUSTOMER_EMAIL, POINT
        FROM CUSTOMER
        WHERE CUSTOMER_ID = #{customerId}
    </select>

    <!-- 소비자 정보 수정 쿼리 -->
    <update id="updateCustomerInfo" parameterType="CustomerDTO">
        UPDATE CUSTOMER
        SET CUSTOMER_NAME = #{customerName},
            PHONE_NUMBER = #{phoneNumber},
            CUSTOMER_EMAIL = #{customerEmail}
        WHERE CUSTOMER_ID = #{customerId}
    </update>

    <!-- 소비자 비밀번호 변경 쿼리 -->
    <update id="updateCustomerPw" parameterType="CustomerDTO">
        UPDATE CUSTOMER
        SET CUSTOMER_PW = #{customerPw}
        WHERE CUSTOMER_ID = #{customerId}
    </update>

    <update id="pointReward" parameterType="CustomerDTO">
        UPDATE CUSTOMER
        SET POINT = POINT + 10,
            REWARD = 1
        WHERE CUSTOMER_ID = #{customerId}
    </update>

    <update id="resetReward">
        UPDATE CUSTOMER
        SET REWARD = 0
    </update>
</mapper>