<?xml version="1.0" encoding="UTF-8"?>
<!DOCTYPE mapper PUBLIC "-//mybatis.org//DTD Mapper 3.0//EN" "http://mybatis.org/dtd/mybatis-3-mapper.dtd">

<!-- JAVA와 연결할 Mapper 파일 설정 -->
<mapper namespace="kopo.poly.persistance.mapper.IMarketMapper">
    <!-- 시장 정보 입력 쿼리 -->
    <insert id="insertMarket" parameterType="MarketDTO">
        INSERT INTO MARKET (MARKET_NUMBER, MARKET_LOCATION, MARKET_NAME, LATITUDE, LONGITUDE)
        VALUES ((SELECT IFNULL(MAX(A.MARKET_NUMBER),0)+1 FROM MARKET A), #{marketLocation}, #{marketName}, #{latitude}, #{longitude})
    </insert>

    <!-- 시장 정보 삭제 쿼리 -->
    <select id="checkMarket" parameterType="java.lang.String">
        SELECT count(*)
        FROM MARKET
        WHERE MARKET_LOCATION = #{addr}
    </select>

    <!-- 시장 목록 조회 쿼리 -->
    <select id="getMarketList" resultType="MarketDTO" parameterType="java.lang.String">
        SELECT MARKET_NUMBER, MARKET_LOCATION, MARKET_NAME, LATITUDE, LONGITUDE
        FROM MARKET
        WHERE MARKET_NAME LIKE CONCAT('%',#{marketName},'%')
        ORDER BY MARKET_NUMBER
    </select>

    <select id="getMarketName" resultType="MarketDTO">
        SELECT MARKET_NAME
        FROM MARKET
        ORDER BY MARKET_NUMBER
    </select>
    <!-- 정렬방식 오름차순으로 정렬-->
</mapper>