<?xml version="1.0" encoding="UTF-8"?>
<!DOCTYPE mapper PUBLIC "-//mybatis.org//DTD Mapper 3.0//EN" "http://mybatis.org/dtd/mybatis-3-mapper.dtd">

<mapper namespace="kopo.poly.persistance.mapper.IPostMapper">
    <!-- 게시판 목록 조회 쿼리 -->
    <select id="getPostList" parameterType="java.lang.String" resultType="PostDTO">
        SELECT P.POST_NUMBER, P.TITLE, P.READ_COUNT, P.CUSTOMER_ID, P.CONTENTS, P.IMAGE,
        DATE_FORMAT(P.REG_DT, '%Y/%m/%d') AS REG_DT,
        COALESCE(COUNT_COMMENT, 0) AS COUNT_COMMENT
        FROM POST P
        LEFT JOIN (
        SELECT POST_NUMBER, COUNT(COMMENT_NUMBER) AS COUNT_COMMENT
        FROM COMMENT
        GROUP BY POST_NUMBER) C ON P.POST_NUMBER = C.POST_NUMBER
        WHERE 1=1
        <if test="type eq 'notice'">
            AND P.CUSTOMER_ID = 'test'
        </if>
        <if test="type eq 'verification'">
            AND P.READ_COUNT >= 500
        </if>
        ORDER BY
        P.POST_NUMBER DESC;
    </select>

    <!-- 게시글 등록 쿼리 -->
    <insert id="insertPostInfo" parameterType="PostDTO">
        INSERT INTO POST
        (POST_NUMBER, TITLE, CONTENTS, CUSTOMER_ID, READ_COUNT,
          REG_DT, CHG_DT, IMAGE)
        VALUES (
               (SELECT IFNULL(MAX(A.POST_NUMBER),0)+1 FROM POST A),
               #{title}, #{contents}, #{customerId}, 0, NOW(), NOW(), #{image}
            )
    </insert>

    <!-- 게시글 정보 조회 쿼리 -->
    <select id="getPostInfo" resultType="PostDTO">
        SELECT POST_NUMBER, TITLE, READ_COUNT, CUSTOMER_ID,
               CONTENTS, IMAGE, DATE_FORMAT(REG_DT, '%Y/%m/%d %H:%i:%s') AS REG_DT
        FROM POST
        WHERE POST_NUMBER = #{postNumber}
    </select>

    <!-- 게시글 번호 조회 쿼리 -->
    <select id="getPostNumber" resultType="String">
        SELECT IFNULL(MAX(A.POST_NUMBER),0)+1
        FROM POST A
    </select>

    <!-- 게시글 조회수 증가 쿼리 -->
    <update id="updatePostReadCnt" parameterType="PostDTO">
        UPDATE POST SET
            READ_COUNT = READ_COUNT + 1
        WHERE
            POST_NUMBER = #{postNumber}
    </update>

    <!-- 게시글 수정 쿼리 -->
    <update id="updatePostInfo" parameterType="PostDTO">
        UPDATE POST SET
                          TITLE = #{title},
                          CONTENTS = #{contents},
                          REG_DT = NOW(),
                          IMAGE = #{image}
        WHERE
            POST_NUMBER = #{postNumber}
    </update>

    <!-- 게시글 정보 삭제 쿼리 -->
    <delete id="deletePostInfo" parameterType="PostDTO">
        DELETE FROM POST
        WHERE
            POST_NUMBER = #{postNumber}
    </delete>
</mapper>