<?xml version="1.0" encoding="UTF-8"?>
<!DOCTYPE mapper PUBLIC "-//mybatis.org//DTD Mapper 3.0//EN" "http://mybatis.org/dtd/mybatis-3-mapper.dtd">

<!-- JAVA와 연결할 Mapper 파일 설정 -->
<mapper namespace="kopo.poly.persistance.mapper.IReviewMapper">
    <!-- 리뷰 목록 조회 쿼리 -->
    <select id="getReviewList" parameterType="ReviewDTO" resultType="ReviewDTO">
        SELECT R.CONTENTS,
               R.CUSTOMER_ID,
               C.CUSTOMER_NAME,
               R.GOODS_NUMBER,
               R.GOODS_NAME,
               R.REG_DT,
               R.REVIEW_NUMBER,
               R.SCORE,
               R.TRADER_ID
        FROM REVIEW R
        JOIN CUSTOMER C ON R.CUSTOMER_ID = C.CUSTOMER_ID
        WHERE #{traderId} = R.TRADER_ID
        ORDER BY R.REVIEW_NUMBER ASC
    </select>
    <select id="oneReviewList" parameterType="ReviewDTO" resultType="ReviewDTO">
        SELECT CONTENTS, CUSTOMER_ID, GOODS_NUMBER, REG_DT, REVIEW_NUMBER, SCORE, TRADER_ID
        FROM REVIEW
        WHERE GOODS_NUMBER = #{goodsNumber}
        ORDER BY REG_DT, REVIEW_NUMBER ASC
    </select>
    <select id="getScore" parameterType="ReviewDTO" resultType="ReviewDTO">
        SELECT SCORE, COUNT(*) AS countScore
        FROM REVIEW
        WHERE GOODS_NUMBER =#{goodsNumber}
        GROUP BY SCORE
        ORDER BY SCORE ASC;
    </select>

    <!-- 리뷰 삭제 쿼리 -->
    <delete id="deleteReview" parameterType="ReviewDTO">
        DELETE
        FROM REVIEW
        WHERE REVIEW_NUMBER = #{reviewNumber}
    </delete>
    <!-- 리뷰 등록 쿼리 -->
    <insert id="insertReview" parameterType="ReviewDTO">
        INSERT INTO REVIEW
        (REVIEW_NUMBER, GOODS_NAME, REG_DT, SCORE, CONTENTS, CUSTOMER_ID, TRADER_ID, GOODS_NUMBER)
        VALUES (
                       (SELECT IFNULL(MAX(A.REVIEW_NUMBER),0)+1 FROM REVIEW A),
                       #{goodsName}, NOW(), #{score}, #{contents}, #{customerId}, #{traderId}, #{goodsNumber}
               )
    </insert>
</mapper>