<?xml version="1.0" encoding="UTF-8"?>
<!DOCTYPE mapper PUBLIC "-//mybatis.org//DTD Mapper 3.0//EN" "http://mybatis.org/dtd/mybatis-3-mapper.dtd">

<!-- JAVA와 연결할 Mapper 파일 설정 -->
<mapper namespace="kopo.poly.persistance.mapper.IShopMapper">

<!--    <select id="goodsBuyInfo" parameterType="ReserveDTO" resultType="ReserveDTO">-->
<!--        SELECT BID, TID, DATE, NAME, SEQ, PRICE, STATE, contents-->
<!--        FROM RESERVATION-->
<!--        WHERE 1=1-->
<!--        <if test="date neq null and date neq ''">-->
<!--            AND DATE(DATE) = #{date}-->
<!--        </if>-->
<!--        AND TID = #{tid}-->
<!--        AND state = #{state}-->
<!--        ORDER BY SEQ DESC-->
<!--    </select>-->

    <!-- 리뷰 개수 조회 쿼리 -->
    <select id="getReviewCount"  parameterType="ShopDTO" resultType="java.lang.String">
        SELECT COUNT(*)
        FROM REVIEW
        WHERE TRADER_NUMBER = #{traderNumber}
    </select>

    <!-- 예약 개수 조회 쿼리 -->
    <select id="getReserveCount"  parameterType="ShopDTO" resultType="java.lang.String">
        SELECT COUNT(*)
        FROM RESERVATION
        WHERE TRADER_NUMBER = #{traderNumber}
        AND DATE(DATE) = CURDATE()
    </select>

    <!-- 당일 구매 개수 조회 쿼리 -->
    <select id="getBuyCount"  parameterType="ShopDTO" resultType="java.lang.String">
        SELECT COUNT(*)
        FROM RESERVATION
        WHERE TRADER_NUMBER = #{traderNumber}
          AND STATE = "1"
          AND DATE(DATE) = CURDATE()
    </select>

    <!--
    <select id="getDateCount"  parameterType="ShopDTO" resultType="ShopDTO">
        SELECT DATE(DATE) AS date, COUNT(*) AS dateCount
        FROM RESERVATION
        WHERE STATE = "1"
        AND TID = #{tid}
        GROUP BY DATE
    </select>
    -->

<!--    <select id="getReserveStop"  parameterType="ShopDTO" resultType="java.lang.String">-->
<!--        SELECT COUNT(*)-->
<!--        FROM RESERVATION-->
<!--        WHERE TID = #{tid}-->
<!--          AND STATE = "0"-->
<!--          AND DATE(DATE) = CURDATE()-->
<!--    </select>-->
<!--    <delete id="deleteBuy" parameterType="ReserveDTO">-->
<!--        DELETE FROM RESERVATION-->
<!--        WHERE SEQ = #{seq}-->
<!--          AND TID = #{tid}-->
<!--    </delete>-->
<!--    <update id="acceptBuy" parameterType="ReserveDTO">-->
<!--        UPDATE RESERVATION-->
<!--        SET state = 1-->
<!--        WHERE TID = #{tid}-->
<!--          AND SEQ = #{seq}-->
<!--    </update>-->


    <!-- 상점 정보 조회 쿼리 -->
    <select id="getShopInfo" parameterType="ShopDTO" resultType="ShopDTO">
        SELECT SHOP_NAME, SHOP_DESCRIPTION, IMAGE, MARKET_NAME, TRADER_NAME
        FROM SHOP
        WHERE TRADER_ID = #{traderId}
    </select>

    <!-- 상점 정보 수정 쿼리 -->
    <update id="updateShop" parameterType="ShopDTO">
        UPDATE SHOP
        SET SHOP_NAME = #{shopName},
            SHOP_DESCRIPTION = #{shopDescription},
            IMAGE = #{image}
        WHERE TRADER_ID = #{traderId}
    </update>

    <!-- 상점 정보 등록 쿼리 -->
    <insert id="insertShop" parameterType="ShopDTO">
        INSERT INTO SHOP (SHOP_NAME, SHOP_DESCRIPTION, IMAGE, MARKET_NAME, TRADER_ID, TRADER_NAME)
        VALUES (#{shopName}, #{shopDescription}, #{image}, #{marketName}, #{traderId}, #{traderName})
    </insert>

    <!-- 상점 목록 조회 쿼리 -->
    <select id="getShopList" parameterType="ShopDTO" resultType="ShopDTO">
        SELECT SHOP_NUMBER, SHOP_NAME, SHOP_DESCRIPTION, IMAGE, MARKET_NAME, TRADER_ID
        FROM SHOP
        WHERE MARKET_NUMBER = #{marketNumber}
        ORDER BY SHOP_NUMBER
    </select>
</mapper>