<?xml version="1.0" encoding="UTF-8"?>
<!DOCTYPE mapper PUBLIC "-//mybatis.org//DTD Mapper 3.0//EN" "http://mybatis.org/dtd/mybatis-3-mapper.dtd">

<!-- JAVA와 연결할 Mapper 파일 설정 -->
<mapper namespace="kopo.poly.persistance.mapper.ITraderMapper">
    <!-- ID 중복 확인 쿼리 -->
    <select id="getTraderIdExists" parameterType="TraderDTO" resultType="TraderDTO">
        SELECT IF(COUNT(1) = 0, 'N', 'Y') AS EXISTS_YN
        FROM TRADER
        WHERE TRADER_ID = #{traderId}
    </select>

    <!-- 사업자 등록번호 중복 확인 쿼리 -->
    <select id="getBusinessNumberExists" parameterType="TraderDTO" resultType="TraderDTO">
        SELECT IF(COUNT(1) = 0, 'N', 'Y') AS EXISTS_YN
        FROM TRADER
        WHERE BUSINESS_NUMBER = #{businessNumber}
    </select>

    <!-- 상인 회원가입 쿼리 -->
    <insert id="insertTrader" parameterType="TraderDTO">
        INSERT INTO TRADER (TRADER_ID, TRADER_PW, BUSINESS_NUMBER, TRADER_NAME, PHONE_NUMBER, EMAIL, SHOP_CODE, ACCOUNT, BANK)
        VALUES (#{traderId}, #{traderPw}, #{businessNumber}, #{traderName}, #{phoneNumber}, #{email}, #{shopCode}, #{account}, #{bank})
    </insert>

    <!-- 상인 정보 변경 쿼리 -->
    <update id="updateTraderInfo" parameterType="TraderDTO">
        UPDATE TRADER
        SET TRADER_NAME = #{traderName},
            PHONE_NUMBER = #{phoneNumber},
            EMAIL = #{email},
            ACCOUNT = #{account},
            BANK = #{bank}
        WHERE TRADER_ID = #{traderId}
    </update>

    <!-- 비밀번호 변경 쿼리 -->
    <update id="updateTraderPw" parameterType="TraderDTO">
        UPDATE TRADER
        SET TRADER_PW = #{traderPw}
        WHERE TRADER_ID = #{traderId}
    </update>

    <!-- 로그인 정보 확인 쿼리 -->
    <select id="getLogin" parameterType="TraderDTO" resultType="TraderDTO">
        SELECT TRADER_ID
        FROM TRADER
        WHERE TRADER_ID = #{traderId}
        AND TRADER_PW = #{traderPw}
    </select>

    <!-- 상인정보 조회 쿼리 -->
    <select id="getTraderInfo" parameterType="TraderDTO" resultType="TraderDTO">
        SELECT TRADER_NAME, PHONE_NUMBER, BUSINESS_NUMBER, EMAIL, SHOP_CODE, ACCOUNT, BANK
        FROM TRADER
        WHERE TRADER_ID = #{traderId}
    </select>
</mapper>